package_name,weekly_downloads
eagerx-examples,287
pyguishudi,1
dfparaplot,1
shell-as-service,0
wix-protos-market-app-instance-manager-api,0
cryptochaos,2
lcalc,0
fact-checking,55
monero-python,8
bugtodo,0
usgota,2
backend.ai-krunner-ubuntu,8
0,498
py-subwasm-bindings,1
MarkovPy,10
antchain-ak-24b462c17fab4e6998dcceeb37c41789,4
jixiaoye,0
netify,0
eagerx-ode,15
lcapygui,39
monesh2,0
shellcc,0
gpt4api-dg,3
proto-template,0
sphinx.webtools,0
django-polls-sunwei,1
factest,2
freecall,0
hyccup,2
pyguitemp,1
00101s,0
pgwrap,2
df-pipeline,1
bugwarrior,12
backend.ai-plugin,123
odoo12-addon-easy-my-coop-ch,2
netils,1
pysudoers,41
cryptocmp,0
bugyi.release-tools,0
hycli,1
cryptocmpy,0
dfp-sync,15
odoo12-addon-easy-my-coop-es,21
sphinx-xwiki-builder,2
wix-protos-members-activity-counters-api,0
FreeClimb,30
clipt,70
eagexp,2
bugyi.tools,1
gpt4pandas,20
antchain-ak-2f861e8a3b704927bc5474c6add4775a,3
pg-xmlsig,35
proto-topy,7
django-polls-tutorial-v,12
backend-base,7
pysuerga,0
024travis-test024,78
TapPayment,1
monet.calendar.extensions,3
sphinx-zon-theme,0
wix-protos-members-members-follow-api,0
eagle2svg,0
CryptoCoinChartsApi,1
ShellcodeTester,48
net-inventorylib,2
df-query,1
lcba,0
bugzilla2fedmsg,1
GPTAgent,66
jjb-reactive-choice-param,34
qurl,17
usgs-mbe,0
clip-the-gym,0
gpt-ai,5
opencensus-ext-logging,167911
Netio,11
TopsisJanice,0
prototype,2
clip-values,0
usgs-strec,105
eaglec,7
rrrr,7
backends-matrix,10
sphobjinv,1333
Bugzilla-ETL,6
lc-cache,0
crypto-com-client,8
free-disk,0
QUsaco,4
pgx-variant-tools,0
monetdblite,0
090807040506030201testpip,46
dframcy,118
antchain-ak-39377dbe0db24634abedb402abd508bd,2
opencensus-ext-postgresql,7822
pysuite,2
gptchat,11
antchain-ak-3db13ec770864aeb8a190c0709cc09bc,1
0lever-so,448
markpy,0
django-polymorphic-tree-for-garpix-page,47
dfrnt,0
jjckBackendDeployment,2
facto,0
netjson_robustness,0
pygw,1
opencensus-ext-requests,98356
wix-protos-metasite-meta-site-search-api,2
topsis-jaskaran-101803660,0
odoo12-addon-easy-my-coop-website,6
eagle_http,0
clipy-hooks,2
usher,1
quspin-vqa,4
gqlrequests-api-tibber,3
builelib,1
odoo12-addon-ir-sequence-standard-default,0
Topsis-poorvika-101917021,0
anteater,13
2to3,14940
odoo12-addon-knowledge,15
marturion,0
phial-slack,2
wix-protos-proto-media-explorer-api,0
pytablewriter,73964
clophfit,242
Phial-Toolset,0
utiliT,2
builtin-password-reset,0
easyagents,2
pytabnet,2
jmatt-sqre-codekit,0
fairiskdata,0
BuiltKiller,0
django-projectname,0
mongomantic,15
gqltst,0
CryptoZero,1
2wf90-assignment,147
jmb.core,1
odoo12-addon-kpi-dashboard-altair,0
Proxy-Session,9
jmb.jadmin,0
odoo12-addon-l10n-be-cooperator,10
djangoprojectrecipe,0
wix-protos-proto-media-unsplash-service-api,0
proxysql-tools,2
wix-protos-proto-members-area-api,0
easy-alert,0
fairlib,22
3-1,108
spines,4
Utilities-fishingCoder,0
mongo-migrations,0
rspyutils,4
target-s3-avro,0
Phidget22,1225
dhd,0
shiftpy,6
maruko,4
nettyflix,1
netuitive-statsd,0
hynbp,0
CloseableQueue-py3,1
opendp-logger,4
wix-protos-proto-metro-api,0
frequency-feature-map-visualization,214
easy-allure,25
net-uml-draw,0
bukdjango-captcha,0
marulampdf,0
odoo12-addon-l10n-be-mis-reports-xml,0
ProxyTerminator,0
jmbo-chart,0
fairmaterials,27
mongomock-mate,0
r6sapi,2
bukdjango-envsettings,3
fairml,4
rsr,0
pyhera,0
badabump,9
frequenz-api-common,76
bukkit,4
proxy_tools,21733
netunicorn-connector-docker,27
cryptwood,9
closedexpressions,2
jmbo-everlytic,1
fairness,0
odoo12-addon-l10n-br-account-bank-statement-import-cnab,3
pytado,1
TOPSIS-PRAKHAR-101983045,1
r7insight-python,5655
hyo2.enc,0
mongomonkey,0
gqylpy-command,7
dhelp,3
ProxyTunneller,2
360monitoringcli,278
spinitron,0
opendrift,34
raa,0
antfin,0
dhg,23
shifu-driver,2
gqylpy-log,14
PyHesiod,0
mongomotormodel,0
badboy,7
36-chambers,11
fair-numbers,4
crypyto,3
Topsis-Pranjal-102003623,2
closek,0
django-prometheus,77602
anthemav,364
pytagfs,0
easy_arg_parse,1
PhilDB,0
wix-protos-proto-print-packing-slip-api,0
net-utils,2
wix-protos-proto-promote-seo-api,2
pyhf-combine-converter,3
closet-viewer-cv,1
jmbo-search,0
uuuuu,5
learn2clean,0
splitgill,1
anuvaad,0
easy-eda,0
cloudfn-aws,3
frmf,2
rada_student_package,0
easyeda2kicad,57
shivam-PD,0
job_tree,3
fr-models,90
bailan,3
rtctools,3
monkit,0
pytele,6
topsis-sunvir,0
fakerwiki,0
split-gzip-upload-tool,2
django-query-builder-pebble,0
fro-AI,34
radb,14
odoo12-addon-mail-activity-done,17
task-manager,17
Topsis-Swati-102003672,2
fake-server,0
cscmiko,6
dias,8
wix-protos-wixos-co-branding-api,0
learncrypy,0
cloudforet-tester,0
odoo12-addon-mail-activity-reminder,11
uvalde,0
grahamstools,27
buns,1
rtctree-test,0
radcad,87
splitit-async-async,0
mass-pagure-prs,0
fakesigner,0
CsCntlr,0
phosphomatics-api-wrapper,0
hypers-oauth2,0
A4Shape,7
cloudformation-cli-go-plugin,175971
baipython,1
cs.commenteditor,0
fakesleep,456
hyperspace,2
jocasta,12
pyhub-pr,0
Phosphorpy,1
django-query-debugger,156
learn-drama,0
pyhubtel-sms,0
neuralgym011,2
odoo12-addon-mail-debrand,19
taskmgr,0
bunumber,0
diatomic-py,2
mass_rename,0
rtd-flinx-shim,1
shiyan_test,0
split-library,2
LearnedEvolution,0
fakespark,12
django-queryinspect,5760
diavatly,0
graia-template,0
rtdl,388
py-telegram-bot-client,44
uvicmuse,16
odoo12-addon-mail-force-return-path,0
a569,26
django-query-language,109
cscPy,6
fakespotipy,0
Anvil-Uplink-Windows-Service,0
DiaVirtualPicture,6
buoyant,3
mass_server_faith,0
task-object-storage,57
django-query-parameters,125
easy-env,0
hyperspy,863
fakestockdata,1
radglio,2
split-main,0
neural-image-analogies,2
taskpackagelib,2
rtd-poetry-tmp,4
mass-spec-utils,7
diay,0
easyepub,4
psd-parvaresh,0
cloudformation-cli-typescript-plugin,175749
taskpl,1
neuralintentsplus,4
cs-crypt,14
shldn,0
django-query-profiler,1000
frogmouth,446
hypersquirrel,152
learning1,1
neuralIR,1
cs.cssbrowserselector,0
django-query-profiler-Georgia,3
frogpy,2
wix-protos-wnp-node-jvm-pii-server-proto,0
mass-ts,266
fake-therm-w1-slave-tvanroon,0
frogress,5
rteInstallServer,0
taskprocessor,0
django-queryset-iterator,25
EasyEuler,0
wix-protos-workshop-avim-wishlist-avim,0
balu,10
django-redis-connector,3
torchdatasets-nightly,2192
buttplug-py,6
openImageDatasetSDK,0
aoe,0
cloudmesh.rest,0
shopee-truncate,3
neurophysiotools,7
aassddee,22
pspicker,1
jootranslate,0
phyforlife,0
openImagePreprocessing,1
wmi-client-wrapper,44
sportinf,2
taxamatcher,2
shopee-xr-test-pypi,5
odoo12-addon-pos-loyalty,0
pytest-bench,87
v1pysdk-unofficial,0
Ruaumoko,5
leexportpy,0
fs.anvilfs,31
easymap,1
lefse,14
graphdot,3
v2cjson,0
rafnixg,19
shoper,17
sportpursuit,0
Matematica,1
fancyboxmd,268
pyimdb,3
pytest-bigquery-mock,2918
rubber,0
bam2fpkc,0
easy-map,1
grapheditdistance,0
odoo12-addon-pos-name-to-sale-order,1
django-redis-ratelimit,1
sportran,7
py-iMessage,51
neuropod-backend-tensorflow-1-13-1-cpu,0
torch-directml,3612
leftpadx,155
dictionaries,2451
matemux,2
joppy,31
django-redissearch,0
cloudmetrics,1
taxcalculatemounica,3
hz_nester,0
csobclient,5
dictionarify,16
easy-megadock,0
v2man,2
rafter-openapi,1
hz-scanvirus,5
ShopiCLI,0
django-redissentry,0
taxi,174
csodium,0
bambic,0
sport-scraper,1
openimis-be-claim-ai-quality,3
cloudml-pytorch-assistant,1
ps-probability,0
taxi-clockify,1
torchdrug,126
sportsipy,2122
openimis-be-contribution-plan,127
mooda,3
rubecula,1
wmp,1
odoo12-addon-pos-partner-no-create,5
shopify-converter,0
pytest-breakword,0
aats,63
phyllo,0
i18n,484
AoikEnum,0
graphene-chain-mutation,0
django-redis-views,53
sportsml,4
torchdynamo,24
ragames,0
sports-plotter,0
rube_mc_pi,8
pytest-browsermob-proxy,6
materialism,0
openimis-be-insuree-batch,0
neuropod-backend-torchscript-1-5-0-gpu-cuda-10-1,0
AoikLiveReload,248
taxii2-client,8348
pyimgui-wheels,20
cloudnetpy-qc,506
phylodeep-data-BDSS-large,0
taxi-ops-backend,26
phylogenetics,0
django_reflinks,1
buzzshotdev,4
psql2py,3
shoplistapp,0
pyimpfuzzy,244
moodlerpd,8
torch-embed-sim,7
legate.pandas,0
django-regex-match,21
rakshita,1
iapsync,0
mathplot,440
shpm-themadpunter,3
Validandolosdatosdelprofile,2
tccli-intl-en,4065
openmined.threepio,86
cloudswitch,0
SPPU-Scraper,0
word2html,14
Mopidy-Rough-Base,6
farzanpdf,2
bank-of-england,2
apache-airflow-providers-tableau,49639
odoo12-addon-repair-default-terms-conditions,5
pyiotown,93
easyscrape-etsysuggest,2
validataclass,149
fas,3
bank-of-ghana-fx-rates,1
tc-data-tools,1
validate-adhar,7
apache-airflow-providers-vertica,9921
torchplus,65
spr,2
psyplot,15
cloudtee,0
shravannaidu-package,0
newparth,0
DifferentialEquations,1
odoo12-addon-repair-timeline,9
apache-airflow-providers-y42demo2,1
abide-distributions,3
easySED,0
csv2graph,7
graphql-builder,0
bytbil-exceptions-lib,0
easy-selenium,1
odoo12-addon-report-hotel-reservation,0
pyipayment,0
jprm,17
abie,26
FAS-FT,0
shredder,13
iasap,0
newpersonlei-demo-202112241718,0
odoo12-addon-report-hotel-restaurant,5
pyipc,1
word2tei,5
FAS-FT-gpu,6
bankroll-broker-fidelity,0
mathraining-scrapper,0
csv2graphite,1
csv2img,13
math-round,2
bytbil-postgres-init-db,1
newpipprojectpkg,0
sprav-report-processor,3
psy-strat,7
IAS-ur5,10
shrep,0
fstrm,753
math-round-af,2
jprops2bash,0
newpjt,2
word2vec-SISG,0
picardapi,0
sprawl,0
validatedata,0
Mopidy-Subidy,13
GraphQL-core-next,573
raleigh,0
bankroll-model,2
lemon-metadata,49
picard.py,4
RALib,0
openmodelica-microgrid-gym,7
csv2latex,4
lemon-pages,3
mathseq,1
byteapi,0
Wordabulary,1
diff-highlight-tokens,0
abi-maker,5
fashionpedia,25
newpro,4
torchps,1
odoo12-addon-report-qweb-pdf-watermark,2
ra-libpythonpro,4
runai,62
Mopidy-Tidal,30
psy-view,2
shreyansh.kushwaha,0
torchqdynamics,5
djangorestframework-casdoor,3
apache-ensite,1
odoo12-addon-report-xlsx-helper,24
tc_force_upscale,0
Mopidy-Tubeify,0
cloud-tpu-client,55098
py-ipld-dag,0
shreycalc,0
pt2keras,13
CloudTrails-SDK,20
csv2pdf,87
lemon-tinymce,0
JPSLUtils,86
Mopidy-WebLibrary,0
maths-stuff,0
lempel-ziv-complexity,51
djangorestframework-dataclasses,34161
torch-rc,16
shrinemaiden,12
odoo12-addon-sm-rewards-emc,5
newtrackon,3
morl-torch,3
leprikon,35
ptrail,7
openrlbenchmark,43
absp,3
ibm-wmla-client,6
ptranslator,0
sps_automation,0
pyJect,11
JSBSim,69
grasspy-wordcloud,0
valuta,861
morning-assistant,0
easyvvuq-qcgpj,1
absplots,9
torchx,1202
spseg-tool,86
cltool,0
jsc,1
lepy,0
grate,0
NewYear,0
jscc,97
pytest-localftpserver,2990
matreshka,1
ftw.chameleon,0
valve-gfx-ci.gfxinfo,6
easywebassets,0
c2.manage.sharesetting,0
Randomcardpickerlite,0
fast-api-gcs,8
ftw.collectionblock,0
easywebdav,780
lequanggminhhofficial,1
shython,0
odoo12-addons-oca-bank-payment,1
wordstream,0
tdameritrade-cli,5
valve-range-query,0
dig-indicator-incall,2
gravatar,10
abstention,20
morningstar-utils,0
Barky,10
odoo12-addons-oca-calendar,0
pts1-prediction-tool,0
run-timer,0
jschema,2
tdameritrade-client,2
barl,2
spsuite,0
pytest-log,8
dig_indicators,0
random_color,0
ibotta-uplift,0
fastapi-healthchecks,222
apertium-apy,2
easy-widgets,0
django-rest-typed-models,1
nexaas-id-client,2
ftw.copymovepatches,8
barman,1868
morp,102
gravbody,0
lernmatrix-learner,2
abstract,894
pts-cli,23
openSAP32,0
c2.patch.filenamenormalizer,0
odoo12-addons-oca-connector-cmis,0
ibott-browser-manager,6
fastapi-healthcheck-sqlalchemy,249
morph,3425
leroque-bagd1k,2
odoo12-addons-oca-connector-magento,1
siambomber,11
easy-wrap,5
picoslave,4
c2.patch.plone3mail,0
randomcsv,2
pyJHTDB,26
sptaxi_tracker,3
morph3dhst,3
vamb,48
ftw.dashboard.portlets.recentlymodified,2
SPTE,0
barnes-hut-tsne,1
opensartoolkit,10
pytest-loop,2163
c2py,1
clubsandwich,1
js.classy,0
picot,0
djangorestversioning,0
leruli,1
gravilab,9
barneySA,0
pts-hipot-tester,7
fastapi-idempotent,160
easyxl,5
apesmit-py2,0
clue,0
django-results,0
easyyaml,12
digitalarchive,5
nexis-uni-parser,3
toredis-fork,352
te2-sdk,0
fui.memberlist,3
mosaik.Scenario-Tools,560
siembra,0
level4,3
dimdim-cli,0
DjangoS3Browser,3
fuji,0
js.lodash,0
ebr-connector,1
fastapix,3
jsl-pathfinder,47
rutchile,2
random-topic,233
worldcup-data-wrapper,1
pykaging,0
fuku,0
apifactory,36
pierpy,0
spytec02,2
baseflow,151
publish-event-sns,67521
pykagskangbolu,0
pierskarsenbarg-pulumi-sdm,96
cmaes,359463
leveldir,18
random-ua,1
pytest-pyppeteer,40
odoo12-addon-stock-picking-show-return,2
worldguess,0
fasta-reader,73
apifiny,1
js.mediaelement,0
basefs,0
ruterstop,0
VarInstaller,2
leveled-hotbackup-s3-sync,8
ctmatching,14
greeneye-monitor,675
odoo12-addon-stock-picking-tier-validation,3
apifiny-futures,3
sierraecg,9
JsMeetsStarlette,0
teachat,2
levelpy,2
WorldMill,0
randomus,4
jsmmy01323,0
fulford.data,0
odoo12-addon-stock-production-lot-multi-company,0
basehangul,0
nfd2nfc,0
access-face-vision,5
pies,4625
teacher,8
django-s3-policy-sync,140
pykaldi,37
publishnewsextratorp,0
fulfyld,0
dime-pytorch,0
cachecow,1
NFDI,0
icesat2-toolkit,3
SIESTAstepper,3
openstack-placement,407
piespro,1
levenshtein-coding,6
sqapy,0
tornado-tryton,0
pykallisto,1
RandomUsers,2
full-apply,2
odoo12-addon-stock-pull-list,3
cached-conv,198
baselib,25
openstack-publicdns,2
mosec,183
ebs-linuxnode-gui-kivy-netconfig,1
teaching-tools,28
pykalman,16864
ruth-text-to-speech,16
ruth-tts-converter-python,0
FullContact-AIO,0
openstacksdk,99377
teachpyx,2
ebs-linuxnode-rpi-omxplayer,1
greengrass-sod,0
sq-blocks,3987
jsm-user-services,457
pytest-qml,17
accessiontk,10
fullcontacter,3
APIFuzzer,77
moseley,6
pietoolbelt,0
Levenshtein-search,6841
sqbrite,2
tornado-webservices,89
openstacksdk-plugin,0
dimitar-test,0
pykantorovich,98
GreenHouseEI,1
sifcoin-hash,1
django-saber,0
moses-crossval,1
ebs-pin,2
dimod-cache,3
worldometer-scraper,0
sqdb,1
sifflet,153
leveropen,0
sifreader,7
cached-properties,127
django-safari-notifications,1
MattsSuperHelloWorld,0
jsonargon,0
torstomp,8
rankcomp,1
aping,0
ecasbot,7
odoo12-addon-website-media-size,0
json-array-file,0
sqlalchemy-dict,298
lfc-blog,0
torswitch,4
rws-ddlpy,204
Mother,1
grepedit,0
funcmeasure,8
piicodev,22
ng.app.remotefs,2
rankedlist,0
cmdb-supplement-syncpack,0
opentelemetry-instrumentation-aiopg,4468
sqlalchemy-django,0
jsonasobj,2089
ecatdump,0
funcModule,0
acdh-django-handle,26
rws-knmi-lib,5
opentelemetry-instrumentation-asgi,266465
lfcnn,2
apininja,34
pykickstart,692
django-schema-graph,5374
torta,0
cmdbuild-soap-api,0
vault-certificate-deploy,18
ng.app.rubricator,0
cada-dash-custom-radioitems,0
motherjokes,16
piicrgmms,1
signalbot,21
wpadmin,1
signalbus,15
torthrift,15
django-schools-hashtag-learning,0
opentelemetry-instrumentation-boto,30920
mothermayi-isort,7
cadati,456
jsonast,0
odoo12-addon-website-odoo-debranding,1
ctw,0
bashparser,258
pii-data-generator,5
iconostasis,0
grepg,1
sqlalchemy-dlock,514
vault-crio,0
cmdcache,1
puer,0
pytest-shell,1701
dinohub-seedwork-be,172
tec,4
tortik,379
fastdbc,1
django-scientific,1
lfc-theme,6
ng.app.skinswitch,0
maxcolor,2
opentelemetry-instrumentation-boto3sqs,8487
signal-cli,7
rankeval,51
acdh-django-transkribus,42
rwspider,0
PyKill,0
ecbxrate,0
apio-django,0
sqlalchemy-dm,4
grepimports,1
wpapi,1
jsonata,248
odoo12-addon-website-portal-contact,36
tortilla,1868
odoo12-addon-website-recaptcha-reloaded,0
pii-extract,5
tecan-od-analyzer,0
cadbiom-cmd,0
DinoMint,2
MotherNature,0
cmd-call-graph,0
jsonate,1
pytest-sheraf,14
pueuey,0
CTWC520625,2
vault-dec,6
icon-resize,1
NGAsubGMM,2
fastdbfs,1
opentelemetry-instrumentation-celery,61813
py-kim,227
rankfields,0
acdh-django-zotero,25
django_scim,1
lfdnn,0
ng.base.form,0
FastDebugger,12
opentelemetry-instrumentation-digma-django,18
django-scoped-rbac,0
cadcadgolem,1
rankgun,13
bashpy-SaracenRhue,1
vaulter-py,0
wpa_supplicant,56
pykindler,0
pytest-simplehttpserver,13
cadCAD-legacy-devel,1
pufferlib,16
pykinect-azure,77
grep-result,0
fastdeploy,44
django-scrapy,1
pytest-tipsi-testing,126
mayank-dist,0
signingscript,10
echo-logger,9
acid.senza.templates,123
vca-cli,0
pulpitum,0
FunctionScaler,1
vc-algo,0
sqlalchemy-pg-fts,38
pytest-tmp-files,125
direct_client,4
open-usp-tukubai,4
signit,1
lhereader,6
functions-cli,1
jsoneng,6
vcam,138
apitax,1
directdm,4
directedgraph,1
openvario-compman,4
pyKStroke,0
CAGMon,1
cmeel-tinyxml,1440
ryu,1198
lhModule,1
json_environ,26
Motor-imagery-ge,1
signpic,1
cubicweb-card,98
motorisedcameratracking,6
odoo13-addon-account-fiscal-month,3
DirectGuiDesigner,0
motorlib,1
rapidsms-xforms,3
cagri-durgut-cs453,0
signposting,2
wrangl,1
cubicweb-ckanpublish,0
pillar-youtube-upload,63
ngrok-pdb,2
pulp-ostree-client,248
basicprogressbar,4
django-senex-shop,10
maya-toolbar,3
motormtp22peng,0
rapidsms-xray,0
gridnet-learn,7
rapidsouppdf,0
odoo13-addon-account-fiscal-position-rule-purchase,0
openvas_to_report,3
cubicweb-cmcicpay,0
fastgac,4
mayavoz,21
odoo13-addon-account-fiscal-year,72
signtest,1
pyktx2,0
cubicweb-codenaf,0
ngrp,0
Pillow3f,58
basicpublisher,1
django-sentrylogs,0
ApiTestFramework,1
json-extensions,58
Cahoots,0
cubicweb-collaboration,0
maybe,7
fastgen,4
sqlalchemy-pysqlite3-binary,13
id-builder,155
vcclick,3
openvino-arm,4
cubicweb-condor,1
vcc-py,1
lhutils,0
pykubeks,35
wrapanapi,494
ng.schema,0
django-seo-admin,0
fastgenomics,3
pytest-trytond,22
maybe-else,30670
sqlalchemy-pytest,1
caict-silicon-photonics-test,0
touchstone,817
cmemsapi,32
sqlalchemy-qubole,223
directord,126
pillowfluff,0
vcd-cli,358
sigopt,7855
cubicweb-dataio,0
pykuda2,16
fastget,10
maydist,1
pytest-tst,7
pulsar,300
idc-corner-detection,0
tee-output,19
cubicweb-document,1
rz-color-lite,0
django-sequences,13243
ngsgui,1
api_toolkit,0
basic-sdk,1
pulsar-cli,0
directory-client-core,907
Pillow-SIMD,16958
wrap-exception,1
fastgpu,0
pulumi-terraform,396
toyblock,6
fast-manager,1
pineapple-spark,12
toybox,3
batch-resize,4
funniest_ltp,0
sqlformatter,20
toybox-envs,0
fast-marching-square,1
oplra-reg,0
vdk-control-api-auth,668
calc-plus,0
silva.searchandreplace,0
idissend,1
calcprimenumbers,1
s3manage,0
libcredit.py,0
jsonpath-ng,4033251
discgen,0
cufflinks,36223
FastMBAR,1
s3-memoize,11
silva.security.renameusers,0
vdk-dag,110
django-shortuuidfield,2806
pythapi,0
pulumiverse-harbor,11
dischook,0
ecp-api,0
sqlhandler,16
s3-module-loader,0
movyonfem,0
vdk-ingest-file,215
S3MPython,3
grolt,0
fast-microservice,0
wsadmin-type-hints,23
vdk-ipython,14
silver,1
opMysql,2
Toynet,1
funniest-tafpa123,2
pines,4
pythclient,1928
django-showurls,2
silvera,1
pulumi-vsphere,782
calc_SB,0
nicefid,22
pineworkslabs,0
jsonpipe,1
vdk-lineage,18
pulumi-wavefront,359
nice-figures,2
odoo13-addon-base-tier-validation-formula,3
ecquote,11
pulumi-wordle,2
fastMONAI,54
ecr2ecr,0
sqlight,11
cuid,7715
wsa-shopee-services-protocol,3
act_as_executable,3
libcx,0
toypackage,0
funniestv1,0
mowuchen-pkg-mowuchen,0
cmsplugin-link-extended,0
opni-proto,117
ws-benchmark,1
fastmri,55
pinform,1
MowzFinder,2
grond,5
ActDeact,5
s3-obj-semver,0
vdk-plugin-control-cli,335
libdct,0
rasis,0
puma-hep,72
jsonpointer,3686441
cmsplugin-markdownx,3
sqlineage,4
ws-callbacks,0
calcu,49
nicelog,252
fastmvc,9
pylcp,10
discoart,300
wscelery,2
django-signalcontrol,79
GroopM,0
MC6809,17
cuitools,1
ecr-lifecycle,0
funnny,0
mcaapi,1
appcli,1
lib-detect-testenv,21507
pingdat,2
idletypecheck,4
actfw-raspberrypi,34
sqlitalk,0
ws-cli-chat,59
moxy,1
sqlite3-api,280
s3pip,0
django-signals-ahoy,61
vdna,16
sact.epoch,0
GRR-M2Crypto,4
IFConnectOld,0
tquery,0
json-traverse,238
simonski-pycommon,11
ifconverter,0
discord-oauth2.py,15
libK,0
tellcore-net,321
odoo13-addon-hr-employee-service-contract,0
currencypairs,0
cnrpc,1
FastTextRank,1
veikkaaja,4
Optimized-Kalman-Filter,12
edc-pdf-reports,928
wspy,0
tr1regex,0
currency-symbols,6438
optimize-images,239
django-sitesutils,48
cn-sentiment-measures,1
rav,65
discordplus,20
wsql_sdk,1
fasttext-serving-server,0
SQLShare-client,0
discord-port,0
fasttext-wheel,94247
tr55,1
pip-command,22
ravbar,3
discord-profile-search,0
mcp990x,1
adafruit-circuitpython-as7341,207
fuzzer-cov,8
simp-AES,0
optimizely-cli,1
p.url,0
grt,2
fast-tmp,161
mpg-cloud,18
wsrLab-demo,0
tellmewhen,2
trabalho-de-gces,2
bayo-sanity-automated,2
edc-reference,632
wsrouter,0
tell-me-your-secrets,42
jsonurl-py,88
puro,0
django-six,5083
pylibwrite,0
discord.pyaio,1
fuzzingbook,988
pipcook-tvm,1
raveberry-visualization,0
sqlstar,0
tello-binom,23
libLemon,0
nikitapdf,1
django-sizedimagefield,0
rave-dl,2
ifile,2
grub2-theme-preview,44
simpcass,8
optimize-tensorrt,0
mpho,0
bayrell-lang,1
sqlstrings,64
fuzzly,11
odoo13-addon-hr-leave-hour,0
grubhub,2
adafruit-circuitpython-bitmap-font,381
cnspy-numpy-utils,2
odoo13-addon-hr-org-chart-overview,0
ifilters,0
simp-distributions,0
jsonvalidate,5
sadie-antibody,85
AppNexus-client,4683
edc-search,584
mphyspy,5
tellolib,12
optimizr,3
django-skillflux,3
wssh,19
appnope,363494
california-house-price-predictor-7606,1
django-skins,0
cnspy-timestamp-association,0
ws-sheets-server,6
sqltap-ng,0
mcping,6
django-skote,11
nikol,1
pipdatedd,1
wss-plugin,74
purplship,2
trabalho-individual-2022-2-gces,14
discordpy-legacy,1
vellum,10
simpel-discuss,0
django-skyscanner,1
purplship.boxknight,0
iflearner-flow-client,1
lib-LSM,1
purplship.dhl-universal,7
adafruit-circuitpython-bluefruitconnect,183
saeki_nester2,0
appomatic_django_filer,2
simplechinese,3
fbbotw,7
edition,16
ig-rest-client,0
verificac19,1
razzpy,0
sr,215
disk,1075
gsmls,0
oracula,2
custom-nlu-vivekc95,0
mdbl,0
sage-docbuild,127
mprov-mash,6
pylitejet,740
custom-nmt,7
SR700-Artisan-Profile-Builder,0
gsmo,1
mdbom,61
camembert,8
apscheduler-dramatiq-executor,0
cocapi,39
EditObj2,0
diskcache,566465
adafruit-circuitpython-veml6070,76
sra-downloader,7
fb-cli,1
coc-api-module,2
GSMTC35,0
temple,37
mdb-parser,5233
tracking-challenge-demo,0
pyliturgical,0
django-spectator,37
cameo-claw,6
veriftools,11
custom-operators-ChrisPrein,1
orakwlum,1
tracking-model,4
pyliup,0
sagemaker-data-insights,120
mpserializer,15
fybrik-python-vault,1
django-spectrum,17
python-boilerplate-decaf,1
pvim,5
nirajpdf,0
django-speedinfo,47
cameo-ocean,0
gsn-common,0
verify-B,0
diskhash,185
simplecmd,0
bcdb,16
tracking-plotly,0
jubi,0
gsn-engine,0
adafruit-circuitpython-wiznet5k,348
odoo13-addon-mrp-sale-info,41
fb-duckling,29
bcdc-apitests,34
disk-health-predictor,0
pylivecoding,1
custom-pandas-extensions,5
django-sphinx,191
cameo-sheet,0
cameo-table,0
igviz,53
fbench,3
Orange3-Associate,452
sagemaker-feature-store-pyspark-3.3,91
templer.zope,2
CustomPipeline,1
django-sphinxdoc,145
rbcl,91
customplot,2
mps-motion,24
fyers-token-manager-v2,257
nirjam,0
apsis,1
pvleoparddemo,16
tracking-util,7
cocinero,0
rbco.caseclasses,0
wuzhengyatest,0
MDCLogger,0
Camera-control,3
VerifyOwner,5
odoo13-addon-oca-event-badge,0
wv,1
GSNST-sky,0
diskmap,2
simplecoloredtext,3
fbgemm-gpu-cpu,183
bcdp,11
igwn-accounting,8
wvalidation,0
judge0api,10
mp-starter,1
md-codegen,5
fbi,3
fyle-integrations-platform-connector,66
mps-youtube,144
nirum-http,58
igwn-lldd-common,55
verihubs,4
wvutils,9
simplecompundinterest,0
igym,0
cameras-dashboard,2
tracknodes,0
apt-archive-tools,0
cocktail-model-lib,0
pyllelic,24
veriloghex,3
FCT,2
iliad,0
addana,177
DistanceClassifier,12
simple-framework,0
mds-investment,3
arabic-pronounce,33
wypy,0
nkululeko,199
ssamwaste,0
django-sticky-uploads,109
odoo13-addon-purchase-order-line-sequence,3
simple-frequency-counter,0
distanceKeyMaker,0
simplefsapp-moc,0
distance-map,11
caniform,13
cvevals,69
wyqpython,0
python-codon-tables,751
px4tools,11
edxsdk,0
verylargebits,0
gtkpass,9
Arabic-Stopwords,360
NL4Py,17
px4tuning,0
ssaw,8
edx-search,4517
tencentcloud-sdk-python-iotvideoindustry,2330
SimpleFTPServer,1
CveXplore,10
fc-wxy,0
gadgit,10
tradingfeatures,0
canisius-cyb600-example-okalai,2
tencentcloud-sdk-python-kms,3757
salemGaussianBinomial,0
libsemigroups-python-bindings,0
mrdevtools,1
canisius-cyb600-okalai-Lab1,3
orderly-web,2
PyLoris,1
bdocutils,2
ilionpy,0
tradinghalts,10
odoo13-addon-purchase-order-type,8
veryscrape,0
libsemsim,1
bdot,12
verysimple1,2
rctmodelpool,1
Arachne,0
bdp,8
piptest-patzold,0
ilkbyte,0
mrdja,24
LibSerial1,0
ArachneScrapy,0
orderPy,2
BDPapi,24
ssbio,58
pip-test-swagger,0
ilkbyte-cli,0
fd,14
saleor-sdk-python,7
LibSerial19,0
canister,0
gadrionwrap,0
pip-test-yeoularu,1
junkdrawer,0
pip-test-zzq,0
wyylde-sdk,14
gtlv-common,0
simplegan,3
code-counter,0
adder,5
LibSerial24,0
trading-research,1
gae-app-settings,0
pip-tools-hash,0
ssb-klass-python,130
PythonColorize,1
FDApy,28
pyLottoKline,0
django-storage-text-field,2
simple-gcp,0
salesdredge,0
trading-robot,3
wyzeapy,6838
nlcontrol,6
Ordfiles,0
simple-gcp-utils,0
salesforce,1211
pyloupe,0
django-stored-procedures,17
ordinal,90
addetect,2
LibSerial5,1
salesforce-basic,0
tencentcloud-sdk-python-msp,3452
eea.annotator,6
distbuilder,22
bdpycmd,2
pxi4jss,0
junmozinester,0
tencentcloud-sdk-python-nlp,3169
aracnid-api,3
PythonColouring,0
simple-geoip,95
tencentcloud-sdk-python-ocr,2958
mds-sqlextension,2
wzdx-translator-jacob6838,10
tradingview-alert,0
fdbuild-templates,3
NlpToolkit-NER,0
galcv,0
py-mail,0
simplelogging,40
django-taggit,95965
ImageFilter,68
xarray-quantity,0
mecapacktools,10
orjson,2584675
samarium,10
msad,2
capital,26
vial-http,0
pymailclient,1
archetypes.markerfield,2
pitop,46
odoo13-addon-shopfloor-batch-automatic-creation,0
orjson-ddb,783
NlpToolkit-PosTagger,19
vialib,1
msaDocModels,450
tensor-annotations-tensorflow-stubs,456
featexp,206
jupyterhub-jwtauthenticator,53
Capitalism,1
trame-vuetify,978
archetypes.querywidget,63
msa-exam,6
feat-extractor,7
odoo13-addon-shopfloor-example,1
pitop.common,61
jupyterhub-jwtauthenticator-v2,21
django-taggit-labels,960
bearcalc,3
archetypes.recurringdate,0
django-taggit-live,17
py3compat,414
Galen-SDK,2
orka-sdk,2
via-logger,0
ssht00ls,8
effortless-config,32
galen-view,0
xarray-tensorstore,108
pitop.pma,8
feather-creator,0
orka-vector-api,0
jupyterhub-kubespawner,12293
capitalizr,0
pythondialog,14352
django-taggit-templatetags2,354
effpassphrase,1
distributions,25
archetypes.searchwidget,0
capitalpayments,848
pitop.processing,8
mechanical-markdown,330
galerts,0
msal-extensions,6318189
cw-testtool,0
python-dict-display-filter,0
django-tag-manager,0
pitop.virtual-hardware,3
viapy,4
py3-data-structures,0
feather-nlp,0
tensorboard-data-server,2294383
NlpToolkit-Util,20
adistributions,2
django-tag-parser,2108
distributions0.1,0
gale-topo,4
archfinder,0
msal-interactive-token-acquirer,4
pitot,1
viasegura,38
re3py,26
feathers-client,0
NlpToolkit-WordSenseDisambiguation,0
python-digest,178
jupyterhub_mlflow_auth,0
distributions-06122020,1
tranchitella.recipe.wsgi,8
py-mailsender,7
xash,3
galgebra,53
RE_4_stuff,0
caplit-cl-nt,0
py3dep,144
ef-image-processing,2
ssh_tunneler,1
distributions-06272020,0
guidebook-api-python,0
pitrpatr,5
odoo13-addon-shopinvader-customer-price-wishlist,0
distributions1,0
feathon,0
jupyterhub-nativeauthenticator,2883
tensorboard-plugin-neuronx,7
mechaSVG,10
ormar-casbin-adapter,0
feathrpiper,66
py3Dmol,21355
cx16-conv,2
adityadfunctionrec,2
odoo13-addon-shopinvader-elasticsearch,71
ImageHash,298739
nlptoolssna,617
archie-public-test,3
msaServer,0
py3dns,12589
py3dotplus,54
codescan,0
ormchair,8
galilei,21
py4cytoscape,72
tensorflow-mri,11
cybertron,2
MediaInfo,1222
distributions-bc,0
odoo13-addons-oca-timesheet,1
nmk-proto,14
jupyterlab-day,2
py4devs-api,0
simple-openapi-client,2
adnovum-test-adn-pkg,5
Lido-vsmelov,1
gunicorn-json-logger,49
becquerel,268
Pixelworlds,0
xbow,17
transform-parameters,0
mediakeysserver,4
codex-taps,0
capture,62
cyborg,4
arclet-edoves,6
transforms3d,16848
simple-operation,0
py4etrics,9
arclet-letoderea,14
django-templatesadmin,1
video-diffusion-pytorch,65
pymatcher,1
egrid,3
readlike,275
tensorflow-opt,10
capture-assembler,1
simple-operator,0
python-ebay,3
django-templates-admin,0
pymatchers,0
liebres,0
sampleFormat,1
pixiedust-flightpredict,0
django-template-server,2
odoo13-addon-sql-request-abstract,5
bedlam,1
pixiedust-node,40
MsgJimPyClient,0
jupyterlab-empinken-extension,15
django-template-shortcodes,0
SimpleORM,0
py4hy,0
sample-generation,1
arcml,2
xbox-smartglass-core,2
bed-lookup,23
OsAdapters,0
videodrone,20
pyMatchSeries,0
gamecrafterclient,0
pixiedust-twitterdemo1,1
odoo13-addon-stock-account-change-qty-reason,0
egtest,1
readmd,9
medialog.fullnamefield,0
jupyterlab-extensions,8
cybro,79
lie-learn,462
ArconaiAudio,0
pixiefairy,1
adobe-color-swatch,6
pymatex,1
bed-reader,6930
osafe,0
transganformer,0
video-facenet,0
distributions-BOUNTY,0
readme42,1
django-templatetag-handlebars,165
cybuffer,0
gameduino,0
adoc-math,55
osa-ic,0
distributions-byAnalytics4Inclusion,0
videofetch,22
os-aiohttp-utils,0
video-fft,6
transi2p,0
django-templatetags,31
bedrockz,4
nmos-auth,4
liesel,11
cyburgee.scalapb.pants,1
xbridge,9
sample-lib,3
django-templatetags-ext,2
lie_to_me,0
simple-package-023,0
arcor2-calibration,4
guoya-api,11
Bedtime,7
codigoo,1
simple-package-11,0
cycidLibrary,0
guoya-app,0
samplemahe,1
msgpack-rlp-python,0
transifex,10
bedwarspro,2
medialog.maritheme,0
pymathematics,221
adopt-a-doodle,4
readmemd2txt,0
gupload,228
py4research,0
Carillon,3
cyral-gimme-db-token,27
ejtraderNS,20
vigrep,1
gwyfile,43
PyMeetups,0
imathlogic,2
django-toast-messages,3
jupyter-nb-double-quote-to-single-quote,7
adviewer,3
gxargparse,2
xdot,881
osjsonrpc,0
sandrine-basic,3
pkgSetup,0
pymeg,2
GxAutoTestManager,0
argconf,12
django-todo-api,0
jupyter-nbgallery,41
jupyternb-setup,7
noaareport,0
trash,2
feititfy,0
gxCastor,0
pymegatools,253
xdp-test-harness,4
jupyter-nbutils,538
ekankthkx,2
msur-crc,5
feito,0
carla,4807
xdress,4
jupyter-next,9
behzodcalculator,1
carla-birdeye-view,18
GxCsvToJson,0
gaphas,507
pymeistertask,2
trashcaron,0
termcs,11
argdeco-josugoar,0
vik,4
lightningflower,1
stackFifoLifo,0
python-freshdesk,6529
argdirective,0
msutils123,0
FejsaFlaskProject,2
beiboot,85
carlagodinholistalbumsbeatles,0
gaphormodelimport,0
jupyter-notebook-gist,45
pkg-sysoev,3
carla-recourse,7
GxDoxybook,0
NoAho,2
termdown,163
BeiChenWordtokenizer,1
adviz,86
viki,0
distributions-mreesea,0
cogwheel,3
pythonfrontendclient,0
imbalanced-ensemble,134
xdsl,98
ARGE,3
msvc-framework,0
lightning-Horovod,23
pyafka,0
oslicensor,2
beige,14
pymellon,2
cyscore,0
pyAFL,7
simple-server,21
vikingreddy,0
cohash,0
odoo13-addon-website-sale-hide-price,4
imbcobra,0
xdtools,12
gapic-google-cloud-logging-v2,12274
meeseeks-singleton,14
distributions-murilo,0
pyafraid,0
cysgp4,63
jupyter-openbis-authenticator,1
termflow,0
imbd-quotes,0
xdtransform,0
simple-ses-mailer,4
pymemapi,1
PyAFS,0
cysignals,1983
termforces,6
beipack,3
jupyter-openscad-kernel,7
imbibe,0
Felix,2
pymemcache-client,26
eke.specimens,1
sane-finances,0
pyagar,0
django-toolbelt,1890
pyage,2
pkgtoolkit,0
cystatsd,325
coherenceapi,0
oslo.i18n,393359
coherency,0
ekgen,0
rebapy,1
trata,14
recogpipe,0
noisegrad,7
odoo14-addon-account-payment-term-extension,5
oss-pip-jacobi,5
mtxdc,6
python-hunt,0
gym-vec-env,1
santodigital-request-full,0
fetch,50
meld,76
distributions-wk,0
Noisemap,0
d3m-nbeats,0
planetpy,0
casaplotms,29
recolor-dots,3
meldedaten-faker,0
simple-web-discover,2
standardnotes-fs,0
casarecipes,9
gating,2
distributions-xxx,0
d3m-sklearn-wrap,1
pyams-file,13
noisepy-seis,90
django-unfold,591
aricma-pretty-print,0
pymimic,1
justin,0
colcol,2
standard-response-lib,332
aridity,850
py-mimic-fhir,1
distributions-yan,0
imgProcessor,0
py-mina,0
elastic-vasp,4
terraform-installer,18
gatool,0
planewar-pkg02,0
mu32,0
python-iambic,3
bento-lib,667
pymince,106
gym-xmoto,0
sanydata,150
elastic-workplace-search,1
limesqueezer,0
standard-statistical-distributions,0
aes-gcm-rsa-oaep,4
muacrypt,1
treeoflife,0
xhj-nameko-dependency,0
mua-keras-models,0
tree_output,0
noisifier,3
Pythonic,51
ost,13
imgproxy-python,23
distributions-zh,0
vipro-python,1
Treepace,0
bentoncounty-gistools,12
aes-keywrap,120
noisily,0
Sanzan,42
ImgPro-Z,4
FetchCord,32
viprs,1
noisy,40
gymz,2
justkeydding,0
pythonic-binance,4
melime,2
pyminecraftapi,0
distributions-zl,0
standpy,0
limetr,21
fetchDBconn,0
vipstock,0
aes-pipe,16
recommendation8,1
ARIESian,5
d3tools-beta,3
django-unique-upload,1997
mubody,3
treeplot,133
sap2012,168
mubofo,10
meliorateapp,0
viptela,287
fetch-embed,1
viptela-python,1
gator-tests,1
aespy,1
d43-aws-tools,0
muchbettermoments,2
vipy,124
casbin-sqlobject-adapter,1
noizy,0
pyams-workflow,16
PythonicDISORT,10
limeutils,295
noizze-crawler,2
simplex_calculation,0
elbert06-minepy,0
much-needed-python-package,0
terraformvspherevm,0
arima-model-selection,7
gattino,1
gypsy,2
os-tools,70
pyamtrack,9
distri-distribution,0
reda,1
fft-gyujin,0
pymodes,298
memorycoin-python,0
otscli,0
xing-tick-crawler,0
haas-python-irremote,1
line-masala-broker,0
imojify,6
elephasy,0
imolecule,92
SASO-mastertrust,1
trhgvinh-distributions,1
redapi,1
haas-python-mfrc522,1
linen,1
PyModMC,4
afterdown,16
DIWNotifier,0
best-script-realestate,5
xingzuoxy,0
starlite-saqlalchemy,21
daffy,65
imonke,21
pymodore,0
eletrica,5
saspdf,0
afterflight,4
multiconsumers-queue,3
triade,21
armsim,1
tri-again,44
ImoT-tools,43
lineNotify,6
PyAR488,9
multicopula,0
ffwd,440
trial0101,0
jxwechattool,0
simulus,7
GaussOpt,2
pymods,3
visart,0
multicore,3
nonebot-plugin-brainfuck,26
django-vagrantize,0
redash-python,149
imout,0
python-launch-library,4
pyarabicnlp,4
VisAST,1
aftershoq,9
starmap,0
PyModulationPlutoSDR,2
visbeats,105
odoo14-addon-delivery-carrier-pricelist,3
test1266,0
elevators,0
XInput-Python,123
haas-python-photoresistor,0
trialbureautools,0
collective.behavior.sdg,1
pymodule,6
visbrain,50
diyepw,17
xinqing,0
jyboss,1
aftool,104
DIY-FilingsResearch,7
memory_utils,288
simuwater,2
pyarc,30
django-validation-report,2
nonebot-plugin-cave,8
play-checkers,1
haas-python-raindrops,0
trialhub.helpers,2
collective.behavior.stock,0
visci,0
ImpactEffect,1
django_validator,13
test14416148,1
odoo14-addon-delivery-gls-asm,2
django-validatorchain,0
Test15071993,0
xintesis,0
haas-python-rgb-led,0
sassylang,1
DAG,57
TrialPathfinder,17
impactlab-user,1
nonebot-plugin-chatgpt-diy,24
dizzle,0
haas-python-sht3x,1
jyivnqxd5x,0
django-vanilla-views,1532
odoo14-addon-delivery-package-number,1
sastool,0
haas-python-si7006,1
py-archer-ballistics,0
gavb-nlp,1
playentry,0
haas-python-spl06,8
multidict,16302239
sina,1
pyarchey2,2
redbayes-higueros,2
af-worklist-manager,13
gavel-owl,5
xion,1
visdom-helper,1
odoo14-addon-intrastat-product-generic,0
outliers-nerdward,4
CattleDepthCollection,0
nonebot-plugin-setu4,42
GBTestdistributions,0
test-ct-package,1
agm-env-helper,12
odoo14-addon-invader-payment-manual,8
xls-report,4
meraki-dashboard-api,30
PyMPX,35
gbtm-tpom,6
haferml,1
cat-tools,2
tripadvisor-hotel-scraper,0
plib,9
elon,0
visual_pts,0
agmodeling,42
django-webid-auth,1
beyondskins.pyconbrasil2008,1
siosocks,129
outliertree,79
nonebot-plugin-simdraw,1
python-message,0
outlier_utils,3855
visualpython,575
plib3.classes,4
cattrs-3.8,37
tripcode,0
impsparc,31
kachery-client,86
django-webix-sender,1
savegreenwavereality,0
odoo14-addon-iot-option-oca,9
plib3.extensions,0
fidding-flask,0
ha-ffmpeg,1735
tripcode3,7
impstall,0
odoo14-addon-iot-output-oca,12
fidding-hive-executor-py,0
tripgo-parser,0
cattt,0
django-webline-notifications,0
D-algorithm,4
odoo14-addon-iot-rule,6
statey,0
statfenics,2
outline-router,0
trip-kinematics,0
Catwalk,6
merakitools,15
collective.dualresources,0
DaliAI,1
nonebot-plugin-songpicker2,3
django-webmap-corpus,2
redis_cache_lock,14
catwalk-client,93
impulsare-config,0
nonebot-plugin-soup,3
STATFOX,0
django-address-model,50
test-day,0
collective.easyform,206
agnos_compiler,4
django-webmention,37
savemodel,7
multiproof,19
impulsare-ruler,0
nonebot-plugin-starrail-calendar,94
eloquentarduino,40
odoo14-addon-l10n-ar-afipws,15
visualtitle,1
hagelkorn,43
fiddy,3
tripleo-get-hash,0
pyats.utils,3137
python-mess-server-onufrieva,1
statgentools,2
hagelslag,7
savepoint,1
tripleo-heat-templates,199
agno-storage,4
linkml-owl,137
odoo14-addon-l10n-ar-invoice-report,54
PythonMeta,31
saves,4
plicense,2
daliuge,3
impunity,6
save-scummer,1
gca,10
bfabio.pymodbus,3
nonebot-plugin-summon,59
mercado-bitcoin-dados,0
cat-zdm-sdk,1
pyattention,1
RedisClusterLibrary,2
Kadal,27
agogosml,16
ElOverblik,0
save-text,16
xlsx-import-tools,0
nonebot-plugin-tetrio-stats,0
artellapipe-launcher-plugins-dccselector,0
python-metrics,0
hagstrom,0
django-webpack-loader,86106
gcal-cmd-tool,0
mercadopagoCTS,2
agora,146
savetheworld,0
django-admin-adminlte,62
impy,12
siphash-lite,1
pybaby,0
trove,86
Ahwaz,4
vizwiz-fewshot,0
nori-clone,11
cbor-diag,125
gcphelpers,3
incore-otp,0
SBMLKinetics,29
kaiyo,0
plone.principalsource,16
PyBackground,0
sbmltoodepy,0
cbox,47
linux-ticker,0
plone.recipe.alltests,4
gcp-jwt,26
collective.js.speakjs,4
norma2,2
trove-tempest-plugin,22
arviz,269738
email-scraper,47
pymysql-json-cli,2
django-yearmonth-widget,34
filebrowser-upload,1
odoo14-addon-letsencrypt,17
linux-touchpad,0
collective.js.tablednd,40
arvo01test01,4
sit-rezervo,1
munin-observers,1
filebutler,2
plone.recipe.bundlecheckout,0
testing-fairpred,0
pymysql-manager,406
testing-gc1983,0
collective.js.tooltipster,47
arwa-distributions-probability-mle,1
sittagger,9
PyMysqlPool,127
kakaocert,106
ovos-stt-plugin-chromium,10
SBM-VBEM,119
file-cache,3
normalazy,0
py-backwards-astunparse,60
Dans-Diffraction,10
incremental-convex-hull,1
python-oembed,659
FileCache-jingle1267,0
plone.recipe.distros,5
py-backwards-packager,0
pymysql-pooling,1020
sbnsl.srm_print_nested,0
django-advanced-cart,4
sitzungsdienst,24
ovos-stt-plugin-vosk,241
python-office-email,0
incremental-progress,0
vkale,0
munitests,13
xmlsq,0
bhpy,48
odoo14-addon-mail-autosubscribe,11
vkapi,33
trphysx,12
collective.js.unslider,0
statsmetrics-vetis,3
dan-socket,0
mes-from-den-client,0
DansonGo-5,2
KaKaoRyan,0
xml-stream,45
pybadges-trend,0
django-advanced-reports,4
sboh-py,0
Django-Youtuber,3
plone.recipe.plone21install,0
cbpi4-FermenterHysteresisWithChillerDiff,2
dansplotcore,47
arxify,1
ai4ipreds,2
statsnz,14
DanTDM,0
kakaotalk-msg-preprocessor,0
normal-forms,0
bhypergraphs,4
python-office-tools,0
KakaoV2,0
hamming,16
odoo14-addon-mail-inline-css,6
pymystem3,9939
incuna-countries,6
testingpackagepublisher,2
munotes,4
normalisr,7
xml-to-df,13
meshcat,1942
ai4scr-spatial-omics,6
cbpi4-iSpindle,5
cbpi4-LCDisplay,0
emailtoolspython,2
AI4Water,49
arxiv-auto-crawler,1
dantro,50
incuna-pagination,0
python-office-word,0
xmltodict3,2068
django-yui-loader,0
StatsPykage,0
ai8,5
normalize_cz_unicode,0
sbomdiff,70
gcptool,3
TRSehirler,11
plotlib2,2
nose-perfdump,0
asciiracer,3
musiclib,91
pyneng-quiz,5
pybench,1
em-fares-to-xml,22
odoo14-addon-portal-sale-personal-data-only,19
steambot,12
xontrib-prompt-bar,104
ox_update,2
pyneospider,0
collective.powertoken.view,0
djenv,6
darlog,1
darlog-py23,9
EMFT-LABELS,0
reequirements,0
pyneql,2
steamDrone,0
gdrepl,1
hanieh-release,0
odoo14-addon-pos-edit-order-line,8
vmf-tool,1
ascii-train,5
plotly-football-pitch,4
PythonPi,4
bidsschematools,2084
odoo14-addon-pos-empty-home,6
djes-file-fields,0
test-numpy-compile-pyd,0
aigov-libs,50
pybengengphonetic,1
skeltest,0
ccode,4
darmo,220
emg-analyzer,0
nose-regression,0
djeu,28
ascii-wizard,0
plotlyhtmlexporter,7
scalr-api,56
xontrib-skim,5
cc-ok368,5
try_python,0
pyNES,3
gdriveaudio,3
django-apiview,53
oy-client,1
steamfitter,4
filesanitize,7
trysail,0
GDriveCLI,0
indsl,744
ascii-yt,8
pyberny,319
skeppa,4
try-syrec,0
kanon,13
music-organizer,0
plotly-plasma,4
scalr-ngine,27
aiha,199
pybert,14
refac,12
Files.com,38545
trythatagain,8
scalum,5
aihandler,789
filescope,6
vmine,0
darshan,15
music-parser,0
pynessus,5
nosescript,2
darshellclock,1
gdrivedownload,6
steamid-social-auth-core,0
python-pinyin,1
scamadviser-client,6
tryton,898
aih-dev,44
listinfo,0
ascnii,13
collective.psc.externalstorage,0
xontrib-z,2
gdrive-link-maker,0
emildecoster,0
messenger-server-serg,0
industry,1
test-operators,0
python-pipeline,23
aihems,4
ascope,0
refactory,0
collective.ptg.contactsheet,4
pynet,9
emiliaworks,0
Musicreater,34
steamlink,7
BifacialSimu,21
nose-skipreq,1
darth,0
ccpem-utils,173
refchaser,0
pynetbrain,2
oyster,3
Emily-editor,4
djflow,0
kansuji2digit,1
indxdatalaketools,24
ccpke,4
hanlp-downloader,1212
ashu-topsis,1
pynmsnn,5
inflect,730276
bigselfies,0
litkit,10
p7magma,0
litmnist,0
harbor-py,0
stencila-pyla,1
regfile,9
xradios,9
reggie-dsl,0
pltflow,3
gekitchensdk,0
PyBLD,21
sklearn-pmml-model,183
dj-pony.tenant,12
cdk8s-argoworkflow-resources,43
lit-nlp,228
test-pypi-version-travis-ci,0
dash-mantine-components,10182
filterpy,565884
stencil-template,1
notes50,7
asian-bart,1
pltk,4
reggisearch,5
sklearn-porter,140
voda,1
li-traceroute,0
cdk8s-cluster-autoscaler-aws,3
hardbrake,35
django-authz,0
mv-featuretools,0
paaaaath,6
steno3d_stl,0
dash-materialsintelligence,1
notes-cli,0
karyopype,14
xrandr-extend,20
bigsmiles,9
asiconsole,0
Pybles,8
emp-offline,2
cdk8s-debore,0
python-rdrsegmenter,1
paab.policy,0
dash-material-ui,7
collective.tinymceportlets,2
dash-mention-input,7
collective.traceview,0
bigstate,0
x-ray,139
asif,0
emporium,3
plttbc,32
PyBlingAPI,0
lit-review,15
metaflow-sentry-logger,86
cdk8s-image,1920
hardDecisions,0
mvg-cli,0
test-python-lib,0
influx-content-client,0
plttools,4
sklearn-sfa,13
python-realtimecongress,0
filter-strings,9
cdk8s-operator,442
gelf-formatter,466
python-rebelliondefense-jc,2
hardhat-gas-report-diff,0
filter-vcf,181
pynocle,132
kash,3
dash-mqtt,5
paasta-tools,977
stepboard,94
noteshrink,23
mv_hello,0
scd4x,5
influxdb-client,155270
sklearn-template,0
trytonlq-authentication-totp,0
collective.transform.kml,0
dj-queryset-manager,0
Littehub,0
stepdad,0
collective.transform.xtags,2
scDB,0
bigtiff-lzw-decompress,0
emp-taskman,3
paayes,14
influxdb-logging,2
litterbox,2
region-grow,9
pynode,13
collective.transmogrifier,79
emptool,0
pab,2
asimplepythonparser,0
influxdbnagiosplugin,0
odoo14-addon-quality-control-oca,54
python-reddcoinrpc,1
hardlyjson,0
collective.twittercards,0
ASINMatcher,0
influxdb-sysmond,2
mvl,2
filtus,0
vodozemac,0
odoo14-addon-quality-control-stock-oca,9
cdk-apisix,14
influx-line,2
django-automatic-links,0
aio-alipay-sdk-python,25
voevent-parse,407
binance-klines,163
odoo14-addon-shopfloor-workstation,5
aspose-cad-cloud,16
stix2-elevator,1717
pynutshell,3
stix2-slider,134
volumential,0
encpp,4
hashdial,0
pybrid,1
aspose-diagram-python,165
package-processing,2
lixinger,177
findimport,0
python-shout3,0
volumetricspy,14
relately,0
cdk-opinionated-constructs,1176
dlai-tools,89
pynvi,2
metastruct,0
pman_reaper,0
XStatic-lodash,472
findimports,572
django-birthday,121
hashedassets,0
DataAutomation,6
binance-trade,11
XStatic-Magic-Search,11
python-shukujitsu,39
INGRID,1
django-bitbucket-trello,0
noun-hound,1
metasub_utils.data_packet,0
aspose-finance,19
BinanceTrApi,0
stixpy,17
liyc-superset,2
python-signal-cli-rest-api,4
SchemaObject,19
dlatk,5
asposehtmlcloud,20
stix-ramrod,336
XStatic-moment,464
EnCrypt64,4
django-bitcoin,1
test-wheel-wheel-test,1
tsne-torch,20
stix-shifter,967
Binance-Wrapper,0
lizahwlib,0
XStatic-objectpath,1996
schemaperfect,1
pybro,1
django-bitfield-ivc,1
cdk-private-asset-bucket,6
testwithmoshpdf,9
pynvr,2
odoo14-addon-shopinvader-delivery-instruction,3
data-barrel,0
binance-ws-async,8
packagerit,0
tsnorm,44
cdk-prowler,4
hashempackage,0
lizahwliblove,0
dlbot,0
django-bitgo,1
tsoftlib,0
find-keyword,2
relationship-manager,0
mxnet-tensorrt-cu90,0
python-simple-dto,10
aioec,277
binanen,1
skyllh,6
package-rw,4
lizard-map,28
inheritson,6
hasher-cnml,12
relationships,2
stix-shifter-modules-aws-security-hub,0
general-colocation,0
skylynx,6
findkw,14
metatabdecl,2
colorful_hieroglyph_theme,0
mxnet-tools,1
schemarin,4
mx-notes,0
databasec,2
skymapping,0
findlibs,22142
colorfullytextuel,0
aioelasticsearch-fork,5
dlclib,0
Findline,1
metatask,2
colorfulpanda,0
pybrowscap,30
odoo14-addon-shopinvader-locomotive-guest-mode,3
lizuzitwo,3
ini2toml,194
volvooncall,476
hashfs,88
inicheck,30
aspose-tasks,16
django-blarg,0
metatime,7
iniconf,1
asposetaskscloud,0
testwizard.testobjects-core,7
packageshumaila,5
encrypted-storage,0
dl-common,15
kcli,9792
text2vec,468
mycalc-castlecode,1
python-suit,0
dlvh,6
packperry6,0
python-sunlightapi,3
EngimaEncryptionConcept,0
dataclass-applicative,0
py-cake,1
colosseum-sdk,1
lmao,2
dataclass-binder,44
PyoC,1
genestation,0
dataclass-builder,5204
text-adventure-framework,0
binni6,0
lmbr-reader,0
texta-embedding,8
finogeeks,1
stock-market-lib,3
engineering-tool,4
python-svg,3
VPR,0
metREx,0
InnoCleaner,8
dataclass-coder,4
lmbr-second,0
hatom2atom,8
texta-entity-linker,0
binning-utils-sebastian-achim-mueller,0
np-jobs,129
EngineeringToolbox,0
metric,167
odoo14-addon-stock-move-assign-picking-hook,8
pycalci,1
packshim,0
pythonsweeper,0
ttlv,0
pyocd-pemicro,2476
pycalco,0
XVector,0
coloured-spectra,2
dm53,5
sciebo-rds-cli,0
assistant-robert,0
finpack,5
engine-grpc-pipeline,1
ttm,10
PyCalCount,1
packstrap,1
xvenv,1
slack-magic,0
pnguin,1
dm-acme,488
mycarehub-django,0
colourful-console,0
xvfbwrapper,28768
slack-messages,4
Dmail,2
LMC-Winds,1
aiohttp-login,10
remarkable-tweak,0
FinPy,5
KeeneticPy,5
assisting-threading,2
aiohttp-login-jwt,10
texta-mlp,13
binod-magic,0
EngineRemastered,7
vps,1
stock-pandas,36
nplot,12
dataclassesdb,1
odoo14-addon-stock-operating-unit,35
django-bulk-update,25779
stockpiler,3
scieloscopus,0
pnlp,51
xview,1
aiohttp-middlewares,8291
textanalytics,2
mycelyso-inspector,1
DmaPlotter,1
npm,5214
innova-controls,62
py-calendars,4
pnmac-common,8
keepActive,3
xwacommap,0
sciencebeam-alignment,5
hat-util,112
metric-kit,0
django-bulma-form-templates,42
text-analyzer-DENYS-IVANENKO,2
packup,1
cebra,214
ttools,2
dataclasses-serialization,1037
pycali,1
genetic-ibis,0
pycalibrate,0
pyoctopart,0
npm-audit-checker,0
My_chat_client,0
slack-notifications,5150
xwdMath,3
sciencebeam-utils,1346
ttooongli-nester,0
ttop,2
odoo14-addon-stock-owner-restriction,27
my-chatik,0
stock-price-plot,13
insights-sdk,2
xyzpy,5
celery-ui,0
myfastlib,0
genomeworks-cuda-10-2,24
firefly-auth-middleware,0
aiomixcloud,32
dm.zope.profile,3
pyopcxmlda,1
mezzanine-vendors,11
python-twitter-v2,695
kenpdf2txt,1
vsml.py,2
textmidiformedit,1
slc.smtp2zope,1
odoo8-addon-account-asset-analytic,6
tulliolo.bip39,91
aio-modbus-client,15
pyccoma,2
textminer,0
BioDendro,0
mf2outline,0
enscale,1
pyccs,6
textmining_utility,1
podiff2,0
aiomoex,95
biodetectron,1
firefly-integration,14
comgra,5
aiomojang,12
remy,0
firefly-messaging,0
py-openapi-schema-to-json-schema,2207
python-ubercode-utils,18
textmodel,0
InsolvencyAnnouncementsGer,3
po-distributions,0
xyz-tools,0
scikit-sparse,1688
biodivmap,2
rena-distributions,0
pyccv,1
storeweights,5
astromet,3
myFirstApp100,1
insomniac,10
django-census-places,1
storey,2743
aiomongoengine,5
nrp,21
genomon-sv,2
podium-nlp,6
scikit-spectra,3
textnets,292
insomnyak-connector,6
odoo8-addon-account-banking-payment-export,39
dna-audit-new3,4
inspace,0
ensemble-boxes,5518
genopandas,1
paf-tools,0
firefox-code-coverage,5
hcai-datasets-nightly,287
python-uds,25
textnorm,218
inspec,7
tumblr-noauth,0
loan_payoff_tools,0
keogram,1
MyFirstDist,0
django-cenvars,5
textnormaliser,0
xzc,0
DataFile,7
firefox-downloader,0
nr.pylang.ast,6
loapy,11
hcai-nova-server,57
inspectcall,0
podmanapi,0
storjkademlia,0
astroMVP,0
podmanclispawner,1
XZGUtil,253
scikit-stats,4
pycdek3,1
dataflake.cache,24
pyopendart,5
genosolver,37
firefox-profile,5
pycdi,10
tum-exam-scripts,2
genotools,0
mf-algorithms,0
kepler-apertures,0
paga-collect,0
odoo8-addon-account-bank-statement-period-from-line-date,1
firehawk,0
mfaliquot,0
lobbyboy,1
inspect-it,655
hcam_widgets,1
django-cgi-wrap,1
comics,22
scikit-surgerycore,815
odoo8-addon-account-compute-tax-amount,0
cellar-management,1
nrs,1
hcarpy,1
rename-package-files,0
mfbluebox,10
astronomer,153
podpac,16
Pycdm,0
tumorevo,0
stratumgs,0
locket,1012315
vui,0
lockfile-diff,14
pyOURSE,0
django-clsview,0
dnspod,3
centauri,11
turkishcliticstr,0
locklib,1
instant-rst,4
poetry-version-plugin,515
envantage,2
pakage-test-jinwook,3
keria,1
stratus-api-tasks,34
nta-build-tools,0
dnspooh,5
centerline,2674
mylib-010,3
envargparse,104
CommonFileAPIForPython,0
mylib-014,3
firval,0
vulcan-ms-core,25
pychievements,1
TurkishPreprocessor,0
tex-untag,0
mylib-015,3
vulcano,13
kermout-strips-api,0
biothings,3
odoo8-addon-crm-lead-address-street3,1
instapull,0
fiscal,4
envass,37
poe-web-client,20
vuldb,1
pychimera,6
slipbox,97
djangocms-angular-compendium,0
instapush,10
hdp-distributions,0
py-chinese-pronounce,5
vule-magics,178
slipit,14
commonhealth-storage-client,2
geocloud-nmea,0
mylib022,2
hdptest,5
poezio-omemo,1
insta-py,1
lockss-soap,119
SciToolsSciAnalysis,2
djangocms-audio,85
datalake-copy,1
lockstep,3
paki,0
dnsrobocert,21
python-ytg,9
turkishylmz3,0
aiortm,28
scitweet,2
datalake-ingester,1
tezz-pylsd,2
EnvBert,3
replapiit-python-parser,1
slippire,1
geocoder,150273
djangocms-blog-highlight-posts,1
odoo8-addon-crm-phonecall-category,6
mylib-031,4
turkleton,0
replay-classification,0
pogcli,0
centralsession,2
turms,47
fish,459
envcast,1
pychoice,1
instareset,1
pakler,10
hdr-plot,34
djangocms-bootstrap4,2064
dnstap-pb,753
instarex,0
pako,1387
kernelml,21
geocodio,51
mh-package,0
dnstest,0
bioturbation,0
ntc-templates-elinpf,11
slisemap,51
odoo8-addon-crm-track-next-action,0
asyncd,0
loc-py,3
centrifuge,15
ntdocutils-theme-mdl,2
mht,1
yahoo-finance-api2,587
python-zillow,30
DataLeopard-Inventory-System-Scripts,1
StrawberryFields,2726
biovector,0
nte,0
mylib-054,3
aioutilities,12
intel-fortran-rt,257
pycli-utilities,4
compare-frames-g4,3
Streamlit-DragDropList,64
datapipes,0
geokrety-api-models,4
repos,46
asyncloop,0
tf-lns,3
LogentriesLogger,92
async_magic,1
PyClock,2
dataplate-lab,0
geoleaflet,0
slurm-to-wandb,0
eobox,9
certbot-dns-njalla,82
key-mon,21
odoo8-addon-l10n-eu-oss,1
polarpandas,2
nucosMQ,0
geoLibDPP,0
logevo,1
microfpga,3
panda3d-tmx2bam,1
heaserver-trash-aws-s3,45
streamlit-fesion,33
fixalign,0
nucypher-core,141
geolibs-dator,0
eodal,3
yaml-injection,323
tflwrapper,14
dockeranalyser,0
log-ext,2
keynoteSlideStopwatch,0
polarsearch,1
streamlit-flashcard,1
compares,0
waapi-client,48
pytket-qsharp,32
slurpy,0
pandabus,4
repository-PyOak,0
docker-app,0
asyncmock,18949
MyNode,1
tfm-client,0
Slushbox,0
dockerator,0
keypact,35
async-moip,0
streamlitfront,55
nudebomb,98
pypatternfinder,0
datapool,1
compare-strings,1
odoo8-addon-l10n-fr-department,2
score.tpl,2
pytkfaicons,9
heat-desalination,1
KeypadProteus,0
fixdep,0
datapop,3
odoo8-addon-l10n-fr-department-delivery,6
wabclient,6
heatequation,0
micrograph-cleaner-em,0
tvc_benchmarker,0
polcalibration,0
key-people,0
compareurls,0
microgrids,0
data_popularity_api,4
slvcodec,26
waboxapp,1
log-files,0
aiowebhdfs,6
PolCurveFit,2
asyncmrcache,0
pycloudflared,174462
streamlit-gosling,1
tf-model-optimization-nightly,480
poldradoxvp,1
django-cognito,6
certbot-dns-stackpath,2
docker_builder,1
pytld,1
intelliprove,11
mynt-cust-model,0
wachtwoord,9
PyTLDR,2
intellipush,1
aiowebsocket,85
Wack,0
odoo8-addon-l10n-id-taxform,0
pandag,16
data-pre,0
certbot-dns-transip,673844
eo-kit,7
key-pressing,3
keypy,4
odoo8-addon-l10n-it-abicab,2
fixedlength,1
compartmental,8
tvdb-rest,0
Nueva-nose,0
yamlmaker,5
geomagdata,3
intelmq-api,6
geomagindices,15
heatmisercontroller,26
aio-wiki,6
SlyMastodon,1
airflow-clickhouse-connect,16
reqcheck,0
number-writer,0
epic-logger,0
asynction,16
epicode,1
yandex-oauth,11
comply,1
streamsx,39
airflow-dag-deployer,15
micropython-esp32-um-tinypico-stubs,6
flairjsonnlp,1
tweeql,6
datasentics-lab,66
django-content,1
tgapp-mailtemplates,0
yandex-passport-logbroker-client,3
Num-CFS-Cluster,0
micropython-europi,26
dataserve,0
InternetArgumentCorpus,1
scrapeShivam,0
odoo8-addon-partner-second-lastname,0
epicserver,6
compo,5
tgapp-resetpassword,1
wagtail-hallo-plugins,4
streamsx.objectstorage,11
polyai,0
odoo8-addon-partner-tag-actions,1
airflow-diagrams,48
helga-flip,1
pypersiandate,1
tgapp-samlauth,0
certora-cli-alpha-shays-CERT-2066-b,170
helga-giphy,2
epicshop-ds-email-utils,0
yandex-passport-pybloomfiltermmap,3
pandas-scd2,22
pyperspace,19
asyncurban,218
pandas-selectable,10
tgapp-turbopress,0
flake8-ado,0
streamsx.toolkits,0
odoo8-addon-payment-redsys,2
datasetCleaner,0
poly-app-downloader,14
georss-generic-client,777
numdata1,4
certora-cli-alpha-shelly-cacheworkaround,130
reqmgr2ms-monitor,169
django-content-gallery,0
Pytorch-detection,3
polyarchiv,0
georss-ign-sismologia-client,795
dataset-convertor,1
wagtail-honeypot,128
numdataC,0
internimage,21
numdeclination,1
certora-cli-alpha-shelly-deepfixes,8
helga-jenkins,0
tweetcal,1
logi-circle,424
docker-shell,2
mypoolin-server,1
smartdc,14
yandex-pulsar,4
streamtologger,188
odoo8-addon-pos-analytic-by-config,0
reqmgr2ms-unmerged,118
Scrape-web,1
wagtail-icons,4
tweetdatalib4,0
pytorch-eff-vis-pretraining,0
pandas-sql,61
smartdict,1
component-registry-bindings,52
streamtuner2,0
odoo8-addon-pos-default-empty-image,2
scrapfly-sdk,570
polyaxon-lib,0
req-project,2
dataset-image-annotator,13
kg-kubestatemetrics,0
epic-trials,3
tweetdatalib6,0
dockerspaniel,0
asyncweb,0
scrapi,15
interpies,4
django-context-request,74
dockerstack_agent,0
dataset-loader,6
myPreProcess,58
certora-cli-alpha-shelly-oopsla,4
geosardine,0
stream-video,17
reqsnaked,5
numeph,19
dataset-mount,0
my-printer,0
helga-notify,1
pyCollocation,13
pytorch-fasterrcnn,5
pypeta,18
epidistributions,0
scraping-browser,0
odoo8-addon-pos-pricelist,1
interpolative-coding,5
helga-pointing-poker,1
docker-tag-naming,14
stream-zip,12794
yandex-speechkit-private,3
requake,6
micropython-tziot,0
helloIPV,0
invariant-point-attention,55
smart-RSGNet,0
micropython-uaioftp,1
pyconnectedcomponent,0
hello-joel,0
string-split,1
pangpuriye,0
pytpu,151
ComunioScore,0
hellojr,0
pyTQA,0
gerrymander,0
wait4it,183
kids.cache,337
bizdatim,2
epyl,0
comun-saplogon,13
odoo8-addon-shopinvader-claim,1
numpyXtns,3
odoo8-addon-shopinvader-lead,0
pypijhjoh,12
mypy-boto3-neptune,2628
requests-wrapper,22
wait-for,1823
CFGraph,1896
scrapyproxyport,6
thaistock,0
epyper,1
NumRep,2
panik,0
TwistedGit,0
kids.test,0
gesang,3
biz-monitor,16
pypika-tortoise,17510
smartsense,3
requests-xml,269
AirThings-API,18
ATHERIUSMT5,6
paniko,8
micropython-umqtt.robust2,48
odoo8-addon-shopinvader-product-rating,0
twistedhttpstream,1
yaqd-labjack,20
hello-labdata-rd,1
string-to-markdown-id,0
scrapy-pyppeteer,12
invenio-classifier,13
micropython-unicodedata,3
document-clipper,13
airthingswave-mqtt,2
SmartsheetFunctions,30
bizzflow-toolkit,0
stringtools,30
micropython-unittest,127
documentcloud,1
athleteatghsemail,0
django-curation,5
yaqd-mqtt,17
odoo8-addon-shopinvader-stripe,1
thalamus,7
scrapy-rabbit-mq,1
micropython-uploader,19
string_to_url,1
waitforoutput,16
gestionatr,35
hello-ljh,2
smartship,8
mypy-boto3-personalize-events,1073
documentDownloader,1
request-validator,9
micropython-urequests,94
pom3,0
helloljj-0.1.1,0
pypillometry,9
athletelist1,0
b-jira-filter,0
django-current-request,1
requestx,5
athletelist_jackieluo,0
scrapy-random-ua,1
cf-iillpackage,0
waiting,31474
gesture,5
numtext,0
scrapy-random-useragent-pro,114
pankoff,1
conan-cmake-cpp-project-tools,1
odoo8-addons-oca-account-payment,0
airtunnel,15
conan-guide,2
invenio-drafts-resources,2461
logstash_handler,9
thanakan,0
pypimirror,0
hello-memoryview,0
smart-spartacus,0
document-merge-service,28
RequiemBot,2
athletelist-sbh,1
twisted-telegram-bot,0
strip-deco,9
odoo8-addons-oca-business-requirement,0
flake8-sleep,13
pycontainerutils,0
odoo8-addons-oca-community-data-files,0
hellomodule2,132
eqb.recipe.uwsgi,0
numtoolsfpat,0
yaqn,31
bjsfm,2
stripe-asgi-server,0
invenio-formatter,1230
pycontest,0
papermap,1
atom-alter-api,2
longalpha-utils,115
conditional-independence,64
pypkagemodule,5
conditions,9
flashprof,2
TwitterMonitor,3
pypkgcalc,4
py-ttr,9
yawns,1
atom-db,136
myrollingforecastpackagem,0
ScreenshotFormat,0
wandering-in-gpt,6
yaws,1
twitterpastcrawler,0
t-helpers,0
pycopy-opcode,9
pypkgs-atan,1
yaw-sweep-sg-cali,29
structuresutpls,0
DataX-AwesomeAnimations,0
pycopy-ossaudiodev,2
dogsled,0
ajenti.plugin.augeas,163
getmanga,2
CGDs,3
resmico,1
AtomicContributions-JaGeo,0
bladeorm,0
data_xray,1
pycopy-pdb,1
Flask2Neo4J,0
papero,19
screentime,2
pytu,1
nvidia-cuda-runtime-cu12,2698
resmonitor,0
helloworldjcap,0
pypkgs-cs,1
bladerunner,4
smitter,0
pypkgs-cz,1
wangchess,0
kino,0
my-santander-finance,11
getmetasat,0
pycopy-pkgutil,7
longj_demo,0
TwitterScraperAPI,0
theme-darcula,288
midigen,30
resnet50-pynq,67
theme-eliiza,0
pytube-downloader,12
ajenti.plugin.filemanager,306
conductor_client.nbryskin,3
cg-flatland,2
smktest,0
myscapyhelper,5
resnetcarvanapkg,0
conductor.core,0
erlang-py,8375
pypkgs-fatse,1
midiknobs,0
flask-access,217
pycopy-pstats,0
papers,2
ajenti.plugin.iptables,17
erlenberg,5
pypkgs-iz,1
strudel.utils,2
the-me-mess-client,1
pytuber,5
blair-nn,0
cghq-common,4
InvPyplot,18
conductr-cli,53
ajenti.plugin.packages,276
longPolling,13
cgiFileUpload,0
sc-retail-post-rpa,0
resolos,0
blake2b-py,1106
invtorch,0
paper-secret,6
atomicpuppy_sqlcounter,0
hello-world-lizixi,0
cone,8
smlibppm,0
Ermes,0
django-db-storage2,9
inw,3
papersize,136
django-dbtemplates-bakatrouble,2
mysecondazibit,0
poppycdn,4
twitterstatsazure,0
pypkgs-ml,1
inweather-station,2
ajenti.plugin.traffic,36
dohq-youtrack,26
paperslacktail,0
conectividadeapp,46
django-db-tools,3
the-metrix,0
yayuchen,0
inwx-domrobot,44
Flask-AdminLTE3,5892
helloworld-mj,0
str-util,3
yaz-it,8
the-well-maintained-test,18
nvwa,0
dau-ds,2
mysteriumpack,0
py-Ultroid,59
lord-of-the-rings-sdk,1
stxmalign,0
daum_openapi,0
config-preprocessor,14
PyPOM,6315
mysto,1
txaio,175227
nwae.ml,0
configpy-file,0
stx-tools,0
chainsync,0
yeekit-tr-free,1
attribute,37
aktgestor-airflow-helpers,21
txapi,14
portfolio-balancer,36
domain-reputation,1
attributee,847
chaintrailapi,1
sc-stream,0
milight-controller,1
RESTArt-Mongo,12
wasmer-compiler-cranelift,85985
thickly,2
blingtron,0
domainrules,0
parallel-write,0
Flask-Caching-tbafork,1
hemlock,0
yeetcode,13
escolors,0
config-registry,3
nwb-datajoint,1
paralytics,16
portfoliomanager,0
IOTCommon,7
kiv,38
styledlogger,23
aku,60
Flask-Canonical,0
blink2png,0
nwb-docutils,1
escolour-elysiumgs,2
param,96062
thieves,0
hemlock-big5,0
flask-canvas,1
hemlock-demographics,0
yehanpdf,0
RestAuth,1
chait-test-script,0
blinkcheck,114
escoteiros-mappa,0
sctokenizer,488
davesci,0
django-docdata,0
iotdb-session-0.10.1,0
kivmob,41
pyunicorn,87
SMSONAR,0
txbugzilla,2
pypopulation,202
scToolsGW,1
ThinFilmDataCreation,9
paramchauhan,0
davesradio,0
akvelon-test-anomaly-detection,18
gevent_semaphore_decorator,118
configservice,0
sms-pilot-py,0
Flask-CAS-fork,1
nwc-pattern-miner,0
yejidepdf,0
txcelery-py3,92
scTOP,2
chakravarthik27,2
thingdb,0
sctreeshap,0
dave-vkostov,0
gevent-socketio-hartwork,64
hen,1
SMSProvider,2
Flask-CassandraDB,1
restclasses,2
txcoroutine,2
blinkparse,0
pyporscheconnectapi,166
escrutinar-jp,6
chakraversiontracker,0
parameter,29
attrs-jsonschema,37
scubas,121
thingflow,0
django-documentation,14
smsReceiver,1
nw-groundingdino,21
hendrix,127
esdao,1
py-unisender,0
iotery-python-server-sdk,19
wasp-eureka,23
gevent_timer,0
mytelegraph,0
yellowbox,626
akxvau,2
yellowbrick-datasets,0
Flask-CDN-NG,3
portia,45
parameterize-jobs,2
django-doc-view,1
snake_progress_bar,0
pyPrivnote,233
blockfacts-sdk,0
ald-distributions,0
DoodkeSP,0
odoo9-addon-partner-email-unique,1
aldian-probability,1
doodle-dashboard-display-console,7
mindsdb-evaluator,811
parl,105
thorlabs-apt,15
yieldcurve,2
pyprobables,115
channels-irc,0
sdgutilities,0
kk777,0
py_crypt_keeper_client,0
flask-easymode,1
thormang,0
django-easy-scraper,0
DbConnection,27
yieldfrom.urllib.request,47
confumatrix,1
sdh.carbon,86
ipc-mngr,0
aldryn-client,189
audiotrans-transform-stft,0
resubname,4
pyprocess,6
channels-zmq,99
aldryn-disqus,3
pyvalidation,0
audiotube,0
blockly-executor,3
doomsday-clock-status,12
loxprox,6
kkconfig,1
watson-di,1
mindspore-dev,735
kk-core,2
audio-video-tools,3
loxun,192
resulter,0
sdh.jsondoc2,0
pyprocessor,0
django-easytests,0
ipCorePackager,2
pyvalidators,16
SDH-Metrics,3
watson-form,11
Herring,0
subprocess32-ext,146
dbcourseworkmodel,1
YifyAPI,32
nzbget-file-opener,0
django-easy-timezones,122
aldryn-jobs,15
PyValuation,5
ipcqueue,66406
nzbsort,3
parPDE,0
loyvpdf,0
mzgtfs-tools,0
chanterelle,0
dbcurses,1
aldryn-locations,0
watson-machine-learning-client-V4,76
aldryn-news,0
ipctk,20
mindstone,0
txwebutils,0
sdh.table3,124
django-ebaysync,23
espwrap,313
IPCutils,0
KKHEP,0
flasker,33
espy,4
odoo9-addon-pos-session-summary,0
doorman,3
Audit-Dog,2
nzl-tools,0
parqueryd,61
postflow,4
Blocks-and-Bullets,2
watson_speech_to_text_websockets,1
pyvar,7
dbdicom,26
ghalatawi,5
mzOS,0
postg,0
nzmetservice,0
yimerge,0
snakypy,2
MindustryCompiler,0
aldryn-snippet,7
snalnaya-akrepka,0
postgis-assist,0
audit-flask,214
congas-old,1
thoth-doc,198
subprompt,4
snamosim,0
result_xx,0
kkkk,8
congaworkerservice,0
mindvision,89
txzookeeper,219
sdistmaker,0
dbdpy,0
tyba-client,2238
django-ecsmanage,82
auditlog,67
threejs-test,0
sea5kg-cpplint,0
conscommon,10
gh-release-install,46
sudokusensei,0
pyvisonic,0
PyPump,5
iprscan-rest,0
seaborn-analyzer,103
pyczmq,3
oathtool,5377
pypup,5
yo-fluq-ds,48
seaborn-flask-server,3
yogadl,8935
nailgun-net-check,0
dotfile-manager,12
threevis,26
wayscript-cli,0
auspost,7
threlog,0
wayterm,4
et-dot,1
charset-normalizer,64217958
hf-datasets,0
km3compass,9
seabred,0
mini_fiction,0
aussiebb,1
BlueBrain,128
km3dia,9
ghstars,7
miniflask,107
threshing,0
oauth2-client,26511
power-api,0
odoo9-addons-oca-vertical-medical,0
thresholdclustering,1572
reutil,0
Alfred-Workflow,73
typepadapp,5
dbpy,11
powerball,0
pyvizio,437
ipsy,0
django-es-utils,3
py-pushover-open-client,7
nais-processor,84
reval,9
suds-mwisslead,0
austin-dist,28
Wbasics,2
snipe,4
austin-tui,164
pyputio,33
pyvizwizards,0
dotifi,1
odoo9-addon-sql-export,0
consolation,0
naiveautoml,10
alg,22
oauth2p,0
kmailbox,0
db-querybuilder,5
snipeit-api,1
iptables-xt-recent-parser,2
chartify-helpers,0
algcol,12
oauth2-proxy-cookie,0
hflags,0
pydaemo,0
odoo9-addon-stock-account-quant-merge,0
thrift4p,0
typeRacerScraper-pkg-Mohammad-Kheir,2
eternia-convert,1
ghtools,1
Austria,0
django-etna-backend,0
dbreak-sqlalchemy,0
ghtop,9
dbrecord,13
auswert,5
pyVkBotApiV2,0
minigrid,2829
hf-model-s-cpu,0
suds-unleashed,0
seaflowpy,136
chartjspy,1
participation,1
pypwgen,2
powerbox,95
wbia-kaggle7,2
oauth4cli,0
etestificatus,0
chartlang,0
py-dagger-contrib,0
power-cache,1
sniplink,2
lshca,8
odoo9-addon-stock-disable-force-availability-button,0
Algebraic-Expression-Parser,5
minihallib,1
thrift-explorer,1
kmbio,0
snipped,0
oauthclient,219
typerighter,5
Yolo2Voc,0
lsh-for-indexing,0
pyVLMP,210
iptt,17
snippet-compiler,3
powercontrol,0
gh-unwatch-except,0
ParticlePhaseSpace,24
dotmap,80196
types-aiobotocore-personalize,10
reynold,2
search-sort,1
alibabacloud-abfs20211230,2
ltools,0
passivlingo-dictionary,3
wds-client,313
thysecser,3
autobean-refactor,3
PyDataLoader,50
ipython-agnoster,7
etime,1
snowflake-snowpark-python3,0
dbutilstest2,2
django-fandango,0
Flask-Model-Management,2
nameparser,143048
PyDataman,1
etiqa-eats,2
passLass498,4
snowiecaster,22
weak,1
namerator,0
hic-ssdna,11
knowledge-exporter,0
names_comparator,0
pyqt-checkbox-list-widget,4
tian_nester,0
rf19is,1
youchoose,0
snowland-authsdk,0
objfunc,0
weaklru,0
odoo-addon-account-payment-promissory-note,74
container-manager,0
bmd-py,2
py-weathercn,1
RF24,26
pyqtcolor,418
lts-mpsmqutils,5
AutoBrewML,15
rfacts,2
passpie,29
snowland-py253,0
youdaoai,0
django-fastsitemaps,91
objinspect,50
MiniWiki,1
chattychattybangbang,43
sumonet,0
py-weather-graph-sharris,0
lts-mqemailnotifier,4
autobricks,129
pass-pls,2
dbx-stopwatch,2
names-gen,0
knowledge-mapper,40
ppe,0
container-runtime-interface-api,653
odoo-addon-account-payment-term-security,6
tiatoolbox,581
etl-gen,1
seasave_data_conversion,1
django-fast-utils,10
pyqtcs,13
snowmachine,2
weakrefset,74
chat-video,1
pyqtdarktheme,5307
SEAScope-env-OTC2023,2
pydata-sphinx-theme,90849
wealthpy,0
chatware,1
auto-build-minecraft,5
ipython-irc,0
minkit,0
pass-secret-service,3
gimp-console,1
etlops,59
odoo-addon-account-reconcile-oca,28
BMI160-i2c,41
DownloadKit,158
autobuy,0
pyqt-db,3
seashells,27
snow-pal,6
rfc2html,431
Flask-Mpesa,4
alibabacloud-api-workbench20201120-test,2
etl-pbshop,1
rfc3339,36425
namestyle,0
ppft,1017228
pyWebCamWebServerMonitor,2
types-aiobotocore-servicediscovery,42
flask-mulang,6
etl-pipeline,2
name_suggestor,0
pywebcanvas,13
ppftps,1
gimp-qrcode,3
downloadplus,4
contas-api-teste,0
objtreexml,0
tibidi,0
types-aiobotocore-simspaceweaver,3
seasonality-removal,0
weasel-classifier,10
pass-totp,3
objtyping,10
py-webcrawler,0
auto-cereb-nest-test,0
namewiz,2
ticapsoriginal-sitemaps2txt,30
ipython-sparksql,9
flask-protector-app,0
dpixiv,0
socialblade,74
oceanai-py,2
pptx2md,82
contraption,0
django-flexible-subscriptions,30
odoo-addon-edi-voxel-oca,5
pywim,5
dpkg-list-json,0
dpl,2
oceandb-bigchaindb-driver,11
mir_eval,12353
check-palindrome-PS,0
iregexp,5
irekua-database,0
dcso-portal-python-sdk,40
RGPageRank,0
SocialDistance,0
webapp3,68
rgpubsub,0
mir.linca,0
youtyper,0
alibabacloud-ft20180713-test,5
ppuri,3
odoo-addon-event-session,38
webappify,5
Flask-Pyco,0
dploot,107
autoextract-poet,57
PyQwidgets,33
checkpea,0
ocean-jypkg,0
WebAppManager,0
secret-wallet-codimoc,6
django-flot,0
alibabacloud-ft20210101-py2,10
pydelinter,0
rgpython,0
luma,130
kolibri-desktop-auth-plugin,14
tiddlywebplugins.templates,0
hikyaku,0
PPVD,7
check-pip-compile,14
alibabacloud-gateway-dingtalk,93
DPL-SB2,0
socialgraph,0
contributics,0
hilal,0
boar,7
pydeltalake,1
Checkpoint,11
kolibri-nlp,0
py-wind,1
patchparser,2
alibabacloud-gateway-dingtalk-py2,7
dplus-api,4
rgs,0
super-calc-ata,1
super-calculator-berkay,1
hi-lasso,1
rgtfs,0
ocean-model-skill-assessor,22
types-whatthepatch,159
webargs-quixote,0
ppwd,1
gists.py,10
tiddlywebplugins.utils,1
odoo-addon-fieldservice-account-analytic,39
kolibri-report,22
eurogastp,5
Flask-PyFCM,106
pydelver,2
alibabacloud-gateway-oss,146
typesystem,3560
pyraat,5
Flask-PyMongo,25655
checkpoint-utils,3
odoo-addon-fieldservice-delivery,3
patchutils,2
super-case-converter-2000,0
yowasp-nextpnr-ice40-8k,46
autofeature,0
pywindowx,0
iresolve,0
django-fluidinfo,0
ocean-provider-plus,0
contributor-watchdog,0
Flask-PynamoDB,35
dpmmpythonStreaming,2
pydemon,0
napalm-brocade,0
patchwork-contrib,5
yowasp-yosys,1024
dcu.active-memory,0
boardgamestats,1
lumberjax,0
AutoFeatures,24
HiLineToJuicer,0
webassets-elm,2
mirpy,1
ppyann,0
type-templating,0
webassets_ng_annotate,0
django-fluo-posts,1
ppyimgur,0
Tidepool-Data-Science-Metrics,0
check-pypi-name,1
odoo-addon-fieldservice-route,10
Flask-PyOTP-X,156
superchain,0
dcutils,1
auto-file,1
checkr,3
eurotools,1
lumeny,8
auto-find-date-pdf,89
socialphish,3
yt-helper,3
seeds,4
DDown,2
patriotwsgi,1
pydicttoxml,6
drafttopic,15
Misspeller,2
git_credit,0
superset-api-client,3354
auto-machine-learning,2
tikotapi,10
pydiff,10
event_days_indexer,0
Flask-Run,12
chemio,56
Histimator,0
mist-cli,2
Flask-S3-Bower,0
napari-pyclesperanto-assistant,166
chemist,2
luxlib,0
napari-registration,0
ocspresponder,63794
EventExtract,0
bob-vf-client,0
tiktok-bot,45
alibabacloud-servicemesh20200111-py2,4
automapping,0
django-gatehouse,0
conveyance,0
pyramid_logging,0
ocs-rise-set,9
praytimes,8
ytmusic-deleter,29
chemistry-converter,10
pattern3,275
django-gatehouse3,0
conveyance-store-proto,1
uamutils,1
koppol,2
gitdeploy,0
AutoMarker,0
soda-pylib,0
prblt-distributions,0
mistly,0
bocd,17
convi,0
uaparser,3
bocfx,6
oct,7
ddr-general,1
web-health-checker,1
PRC,3
automata-bliss,1
pyxcelframe,3
convigure,3
seeking-odds-cal,0
pr-clt,0
django-gcloud-storage,97
odoo-addon-mail-activity-done,15
napari-segment-anything,47
kora,1579
histomics-detect,1
napari-segmentation,0
koradctl,13
chemkin_CS207_Group9,0
dragonfile,37
automata_python,14
git-dlist,0
bodas,8
odoo-addon-mail-activity-team,16
octadist,3
odoo-addon-mail-debrand,20
chem-kit,0
koran,0
napari-serialcellpose,3
supersqlite,21
Octagon,1602
odoo-addon-mail-environment,129
cheml,0
KorAPClient,4
histo-patch,7
pydim3,13
octal8,1
alibabacloud-swas-open20200601-py2,6
automata-ws,3
korbinian,0
octanegg,0
histoptimizer,7
webhook-command-runner,8
dragonfly-ies,102
napari-sim-SIMulator,4
eventify,1
korbit,0
pydingbot,0
pattern-singleton,544
bodhi,104
odoo-addon-mail-optional-follower-notification,31
uarm4py,0
y-trans,0
seeme,697
odoo-addon-mail-post-defer,2
alibabacloud-tea-fileform,107
tikup,1
sodespy,0
gitea-github-sync,7
uarray,26
pyxdiamond,0
isavailable,2
webhookit3,0
mistymountain,0
pydiogment,14
pyxe,3
giteasychangelog,0
pydoctrace,10
flask-statsd-tags,0
Surfy.GeoIP,4
debugaahy,0
pyrasgo,465
lynkz,0
uclassify,0
natcloud,0
kozai,3
time-evolving-mpo,1
chex,116070
coolsms,0
pyyGit,2
flask-strip-whitespace,3
miyopy,0
kpages,7
bomcheckgui,8
pyrateek,2
paystack-api,0
bomist-utils,2
webrequests,67
dreammake,4
mizuna,0
k-parser,0
Flask-Swag,17
github-issues-tools,0
mja-graphene-sqlalchemy,2
lyra2re,0
alina-first-package,4
webrobot,0
surmise,1
coolweb,1
django-goolytics,0
paytm-oauth,0
coomatrix,0
django-gotuskra,0
odoo-addon-product-variant-attribute-name-manager,19
sekai-starknet-libraries,0
SolarY,0
prefect-twitter,2
pyyso,20
kpc-connector-utils,0
pyrat-sdrabing,1
alioth,6
pyytdl,0
ismrmrdviewer,0
hklab,0
autoplay,3
timegaps,7
EVM,2
odoo-addon-product-warranty,0
bonapity,0
CHHESS,2
seki,0
flask-tailwind,25
webruntime,196
chi,1
py-yuwinzer-client,6
rimp,0
web-sand,29
autoplotter,5
pyravendb-embedded,0
chi2comb,24
odbm,0
pyyz,3
preferredwaveplayer,1
pyDolarVenezuela,9
websauna.blog,0
nationwide,0
payu-python,18
dreamutils,0
solc,190
pydolly,3
AutoPostTelegram,19
coop-datastructs,0
ucode-cli,42
debug-worldaaa,0
paywithscratch,1
time-int,40
evmlcore,0
flask-template-loader,0
solceasy,1
surrealdb,104
PyDom,3
paywix,64
bondgraph,6
odoo-addon-project-stock,126
webscaff,18
pydomaingibfeature,0
solconfig,1
timeit2,17
cooper-pair,0
selanneal,4
github-policies,483
pydomains,1
prefixdate,498
uconfload,0
timeit-magic,0
pyray2,1
Flask-Testing,79916
webscrape,0
soldai-utils-maxsob86,0
hks-pylib,1
mjooln,82
chiapos,21651
pydominion,0
Prefix-list-Ops,0
timekill,2
coop_html_editor,11
odcommonapp,1
evncpc,3
prefixtree,0
time-kong,0
py_razor_client,2
autoprotocol,268
hmmlearn,47093
navigation-vis,0
py-dsnt-probability,0
boom2,0
autosub-baidu,1
selfbotdiscord,0
webup,0
exacto,1
timeslicer,0
aliyun-python-sdk-imagesearch,3
gitlabform,110
selfbotpy,7
hmm-py,5
presidiopy,66
pydspace,11
issinfolib,3
webutils,49
django-hesab,0
pcart-customers,10
pyregexp,17
odoo-addon-sale-quotation-number,0
timeslime,0
SVGCompress,17
exactonline,1708
m2secret,0
q2rad,187
Flask-XStatic-Files,0
chinna-distributions,0
riptide-db-mysql,3
MkDocsJsonSchemaPlugin,0
z3c.filetype,12
exact-sinogram,0
navimagefilters,0
pyRegions,2
django-hexdi,15
pydspam,0
odoo10-addon-account-invoice-download-ovh,0
timeslot,290
coralillo,44
udo-optimization,2
decode-server-django,0
web-utils-package,5
odoo-addon-sale-report-delivered,26
hmm-stock-forecast,2
krcg-bot,1
iss-libs,18
somappy,0
svgdiagram,57
chino-io-scriba,1
django-heythere,11
naviml,0
udos,1
iss-location,2
selfcalframework,0
somap-py,0
krcg-cli,6
svgdigitizer,17
decode-server-flask,0
hmm-tool,1
web-utils-soft,43
coralinedb,7
timesmash,1
pcart-init,2
flaskxxl,0
aliyun-python-sdk-imm,165
mkdocs-jupyter,16144
autosubset,3
z3c.formdemo,0
riptide-lib,23
chinstrap,24
isso-cn,0
Flask-YAML-Fixtures,1
navio2,4
gitlab-helper,1
drf-json-api-utils,63
AutoSubtitles,0
mkdocs-kpn,98
m2up,1
z3c.formui,708
self-checking-algorith-model,0
exalusAPI,23
boompy,0
SomaticSiMu,2
riptr,0
pydssp,66
deco-helper,0
Pyregrine,0
drf-jsonschema-serializer,1016
odoo10-addon-account-invoice-import-ubl,1
z3c.formwidget.unit,0
pressio4py,2
pyDStore,0
q3rcon,1
selfcord.py,305
somcaai,0
decollator,0
django-hide-herokuapp,6
coral-pytorch,324
self-driving-lab-demo,14
svgling,845
django-highcharts,3
risc,3
pyreiseamt,1
udplogviewer,0
krest,716
some1fibonacci,0
aliyun-python-sdk-linkface,0
pcaspy,124
gitlab-jobs-exporter,4
m3-adapter-client,0
SelfDWrapper,0
udpnecho,0
drf-yasg2,2673
ksh,1
pyecharts-snapshot-pro,9
django-ids,3
items-cooker-search,4
nbencdec,2
semisup-segmentation,702
prettynumbers,256
sonnen-charger-modbus,15
allennlp-wordsplitter-ltp,1
holdup,1252
sonocrop,3
pyecm2cue,1
UH-OPCunix-JGirdwood,0
pyecodevices,143
semopy,1143
git-quotes,1
nbfancy,0
SwampDragon,7
odoo10-addon-connector-search-engine,3
zai-python,3
ksh-test-foo,3
deepbio,1
django-imagefit,190
qc3,3
odoo-addon-stock-quant-package-dimension,32
PrettyPrintTree,14
tinkoff,397
example-package-PERRIN-Liam,2
pyecowatt,8
odoo-addon-stock-request-mrp,12
avapi,9
swanculler,0
allianceauth-celeryanalytics,10
sonounolib,13
holidays-ext,10321
chord.py,2
prettyrepo,0
iterativerecursion,0
cormen-lib,0
semtemver,0
gitrelations,0
avassa,0
GitReleasesTBot,0
pdb2pqr-htmd-propka30,6
holidays-ru,3
prettysettings,78
zalando-deploy-cli,2
cornea,0
deepC,13
flexiconfig,0
nbgrader,800
mknsmPy,61
pyright,100299
odoo10-addon-crm-lead-project,0
rkt-tool-lib,2
django-image-tools,0
prettystack,136
iterators,6523
cornel-movie-dialogs-corpus-storm,1
zalgolib,0
DEEP-causal,0
pyriksprot,98
sonyapilib,25
ksmm,19
WeightedMarkov,0
qcd,0
py-ed25519-zebra-bindings,2066
macaddresslink,0
semver-gitlab-dfx-test,3
rl,1143
DeepCell-RetinaMask,3
nbhosting,0
avatar-reverb,0
bosoncodes,1
macal,43
SONYC-CAPSTONE-VIS,0
qcenter,0
pyEDAA.ToolSetup,0
git-remote-dropbox,8
django-imbue-tag,0
weighted-statistics,0
swannotebookviewer,9
semver-setuptools-git-version,2
rl4uc,0
nbhugoexporter,1
boson-sdk,1
odoo10-addon-currency-monthly-rate,0
pyedbglib,124
qcg-pilotjob-cmds,2
mac-app,1
odoo-addon-survey-resource-booking,4
dripostal,4
kso-utils,2
semversioner,795
tin-score-calculation,2
example-package-Shubham-Kalikar,1
boss,34
kspalculator,0
swantools,0
flexiv-consul-service,0
UII-GA-IMG-mibellisvetlana,1
corneti.recipes.codeintel,8
sen2classification,0
driptorch,5
Weight-Matrix,0
pyrino,9
rl-agents,45
nbindex-jupyter,0
chouette-iot,0
swan-vis,4
aloso,200
qetools,0
ulif.rest,2
pyenergyaspects,6
avrobase,0
odps,430
example-pkg-kriegersaurusrex,0
avroconvert,5
ml-cloud-tools,35
alouette,4
macrodatabase,0
flit-scm,1803
botocore-a-la-carte-application-insights,566
odoo10-addon-l10n-it-base-location-geonames-import,4
odre,3
odoo10-addon-l10n-it-corrispettivi-sale,1
chschachtler,0
senseye-pyueye,0
kuberfest,0
honeypot,19
botocore-a-la-carte-backup,565
primes_gpavel,0
qfast-qs,2
drosSRA,11
tinyspline,15
coshed-flask,9
zc-common,10
odoo10-addon-l10n-it-fatturapa-out-ddt,10
swift-cloud-api,0
macromediaNB,3
qfinuwa,77
swiftdownload,0
sortty,2
example-pkg-luiz,6
tinytask,2
gjson,37
qfitswidget,14
cosimpy,9
odoo10-addon-l10n-it-fiscal-document-type,8
django-jangle,16
pyrosbag,220
Odte,11
it-status,4
wesng,61
drpg,120
pdfgpt,107
honorific,11
sensirion-i2c-svm41,4
swiftex,1
zc.FileStorage,0
rmotr-b12-cpyp-g7-jobs-detector,0
avsec,4
django-jauth,0
mlc-tools,559
kubernetes-wsgi,434
rmotr-b14-c9-g2-jobs-detector,0
pyEntrezId,3
ncdjango,31
mlcube-k8s,4
hoocron-plugin-redis,0
primme,7
Deeplodocus,0
itsybitsy,0
qfmath,0
botocore-a-la-carte-cloudtrail-data,478
odus,0
sensirion-shdlc-svm40,0
sos,826
ulpsych,2
itsybitsy-test,0
westat,184
chucknorris-cli,0
kubesh,0
primoEAB,0
zc.iakovenkobuildout,5
tinytools,21
QForestML,1
botocore-a-la-carte-codecommit,476
west_enrich,0
AlphaAffixedNumericType,2
zc.icp,0
ITTR-pytorch,0
django-jellyglass,0
HoodPay,10
chuck-quotes,1
odoo10-addon-l10n-it-split-payment,8
Pyrosex,43
qfrm,9
floatedu,1
botocore-a-la-carte-codestar,463
odoo10-addon-l10n-it-website-portal-fatturapa,8
westergaard_species,0
alphabet,51
kubespray,3
rmpy,30
dr-sdk-lotr,15
odoo10-addon-l10n-it-website-portal-fiscalcode,7
sensitivity-analysis,12
westerLee111,0
pyros-interfaces.common,0
drserpent,46
py-envconfig,131
sensor,72
macrox,1
WestFax,0
avtoolbox,1
primordial,0
sos-essentials,4
QFTPy,0
cosmian-secure-computation-client,0
botocore-a-la-carte-comprehend,455
alphabetic-timestamp,73
primordialooze,1
py-envfile,0
GKextCPy,24
cosmic,0
swift-sim,838
glintpy,0
kustopy,12
robber,3582
ml-idm,0
cough,5
source-hellobaton,4
print_list_nester,0
py-evm,18137
deepstack-sdk,22
flowoperate,1
counselor,1
zeeklog2pandas,9
iwslcxspecapp,2
pyRVtest,5
aws-az-failure-chaostoolkit,29
hospitalitydatascience,2
source-iterable,4
ml-insights,548
aws-batch,3
swtoolz,0
mag-archiver,1
example-search-balancy-0.9,0
cilissa,0
glitor,1
example-sulthan4,485
kuxxx-realpython-reader,0
zeep-yandex,5
alternative-lib,2
unary-coding,9
robinhood-api,8
mage-ai,3027
aws-cdk.asset-awscli-v2,1074
counterfactuals,4
whalesong,1
source-marketo,4
sentry-dingtalk-xm,0
ndl-ocr-tools,21
pdm-manage-version,4
sourcemerger,2
IXDjango,0
ds-create,0
hoster,252
tj_tools,1
botoenv,63
ogarantia-streamlit-card,4
swz-test-package,0
deepthoughtapi,2
unbalancepgmdata,1
django-krate,0
qiskit-quantum-knn,9
hostha,1
WhammyJammer,0
swz-test-package-v3,0
example-wolt-package-debug-ci-issues,2
pyexCakeCrusher,0
nd-math,0
pdm-publish,47
ml-legit,2
django-ktdatatable-view,10
glmtree,0
hosting-benchmark,0
flowtask,358
altflags,5
ndml-probability-distributions,0
botogram-beta,0
DeepTile,44
Tka11y,0
dsd-aali,0
counterix,0
botohelper,1
examregressor,1
pyexcel-handsontable,102
ndn-bootstrap,1
robinson,0
source-orbit,3
botol4,2
mllib,2501
robinson-foulds,6
sxbutils,8
pdm-utils,34
hostmaster,0
robin-stocks,1913
source-outreach,7
kvdnc,13
boto-mws,92
ixoncdkingress,18
cim-optimizer,6
aws-cdk.aws-appintegrations,2044
global-benchmark-database-tool,65
examscanuiuc,2
whatalovelyday,0
pdm-winpacker,2
exam-scheduler,0
oggm,15
counterpy,16
cimpress-auth,34
unbroken-pyobjc,1
kvenn,0
pdnsbe,0
exapi,5
mllooper,0
zeliboba-deepspeed,5
whatapi,9
unbuffered-input,0
kvfile,231
flow-torch,0
sentry-googlechat,4
botool,3
PySafari2,1
sentry-graphite,0
iydon,5
oitnb,352
unfinnigan,0
exception-reports,932
robostrippy,0
space-engineers-iv4xr,1
ZEO,5269
flumes,19
privacy,10
magictranslator,0
jackAudio,0
qm-tools-aw,64
houston,12
circDraw,0
deflex,1
sep-service-caller,1
symdim,0
pyfarm.master,0
dsms_cli,0
coveralls,103349
aws-cdk.aws-sagemaker-alpha,6541
jackfrost,2
wheel-compile,26
bottomify,1
robot-blocks,0
wheeler.base-node,8
maginator,3
spacemakerlog,0
circlator,6
pyscdl,7
CoverLovin2,17
django-linkthru,0
ojuara-pypi-pp,0
spacemenu,0
flurgiwoo,0
odoo10-addon-shopinvader-payment-adyen,0
qne,1
wheeler-hale-2015,0
seq2annotation,33
magition,2
odoo10-addon-shopinvader-pending-cart-reminder,0
aws-cdk.aws-sns-subscriptions,68139
PyscesToolbox,0
Flushed,0
privatebeta,2
mlpype-spark,10
botvac_tools,0
kxg,1
qNetVO,17
deform_bootstrap_extra,0
symlearn,4
robotcode-runner,305
cover-rage-client,0
space-objects,6
botwaysPypiHelloworldHest,1
deform_foundation,0
symlinkConverter,4
Wheelhouse,113
qngng,0
robotc-wrapper,1
Jacks,0
covertile.cycle2,0
dsnd-by-cs,0
exchangerates,42127
aws-cdk.aws-stepfunctions,56464
zephyr-uploader,1
howfast-apm,0
ky,4
botwfstools,1
robot_descriptions,95
odoo10-addon-shopinvader-sale-communication,0
circleguard,9
qnorm,228
seq-alignment,1
uniauth,13
pearchimageserviceclient,0
flutile,8
aws-cdk.aws-transfer,2303
django-list-wrestler,0
Circle-Map,4
covey-sdk,36
uniBert,0
spaceone-repository,114
kyaml,0
tkstyles,4
amazon-omics-tools,63
seqansphinx,356
glue-core,1915
uniboost,5
private-pypi,2
DefPy,4
how-long-schtrok,0
dsnd-distributions-234,0
symmetric-secret-share,0
magnet2torrent,47
qo,8
mlre,0
excitertools,3
dsnd-distributions-ah-test,0
defrostir,5
wheeltennis,23
pyschelling,0
qoai-pennylane,2
botw-utils,4722
pyfatcache,0
nec-sol-backend-veasl,1
aws-cdk.cdk,248
django-lit-urls,17
jac-nlp,262
tkterm,34
HowManyPhotons,4
TkTextFast,0
okcompute,0
symmetryshift,1
spacepy,346
kybonet,5
oligo-melting,2
probcox,0
pysecurityspy,0
nely-pyba,4
mail_email,0
amigo,2
django-mailify,1
mmal-pandas,3
label-converter,542
tmblr,0
hrincrement,1
mailerlite,100
Delny,0
pyfilters,1
hrjota,0
cisco-documentation,1
syncthing,44
span-cli,0
qrcode-term,3
unimatrix.cli,0
TM-CommonPy,5
robotframework-rabbitmq,302
exml,6
hrm-py,0
ciscomultiosinfocoordinate,0
zfapi,0
cp2k,1
syndata,0
bpfeeder,3
prob-dist-spuliz,0
amino-rus,8
tmdb-async-movies,1
fmlpy,0
whoiser,2
mmchallenge,0
fm-lt-tester-lib,0
PyFinFeed,0
fmmap,6
whoisit,289
robotframework-requirements,4
django-maintenance-mode,8644
CP3SlurmUtils,2
mmcif.utils,79
QRegexEditor,0
labelme2coco,1089
spanlp,118
peeweext,14
oll-draft-server,0
cisco-support,10
ds-serving-sdk,0
olli,2
probebase,0
bpi,1
janacalculator,0
syndp,2
Amipy,3
DEL.py,1
PyFinitDiff,37
tme-api,43
z-format,0
whois-parser,208
mailid-generator,0
cpac-py,2
robotframework-RobotOil,17
serf-client2,0
qrest,58
labelmex,0
mailinator-public-api,1
unimorph,3
peframe-ds,125
spanning-cidr,12
odoo10-addon-web-notify,1
dssm,3
bpl-api,0
pyfinn,0
Amirpdfconverter,1
pysellure,0
mailing-list-filter,0
robotframework-run-keyword-async,451
spantools,1
oll-securesystemslib,25
pyfinviz,34
gmtool,2
synergos,0
nemo-sz,13
hs,27
deltacat,634
zfs-autobackup,61
mmd,5
django-mama-cas,389
Pegaflow,20
deltachat-cursed,13
hs.admin.api,18
tmg,0
nemo-tts,4
fmp-api-python,3
aws-flask-lambda-swagger-ui,73
mmd-bot,4
wholly,0
django-manage-newsletter,5
sergepdf,0
odoo10-addon-website-anchor-smooth-scroll,2
NEMO-user-details,17
gmusicapi-scripts,0
probequest,40
mailjet-rest,48107
labelshift,21
pysemver,17
janggu,3
pegasusio,184
ol-openedx-checkout-external,44
BRAILS,62
neon-solver-wolfram-alpha-plugin,10
awsml-probability,0
experiment-config,3
brain,24
zhyscrapy,1
pysharedoscom,0
peltak-alembic,0
brain-app,0
jarviscore-nightly,0
wigpy,0
htlfc,32
unitranscode,102
sparkutility,1
cjwmodule,0
unitreport,10
proco-pkg-kamalneel81,0
omicidx-sra,0
make,2526
laevitas-sdk,6
DemoModule-pkg,0
qtdigest-cffi,1
robust-deep-learning,1
django-mermaid,26
sparkypandy,0
zicbee-mplayer,0
demonlist,1
pyfolio-tekton,13
AWSOM,5
qtex,20
tnsp-bridge,9
ziffy,8
amqp-rpc-client,19
sparql-dataframe,66
gnuhealth-surgery,53
robustnessgym,6
Makechr,0
unittest2pytest,57
sparql-endpoint-fixture,13
make-clean,0
pyfoo,3
BrainflowCyton,1
dtool-ibeis,21
cppyy-backend,2662
tnt-deployment,0
gnu-jango,1
qtfn,0
odoo11-addon-barcodes-generator-partner,0
ckan-crawler,10
tntfuzzer,0
amqpy,273
jasdistributions,1
pencil-pusher,2
amqstompclient,31
cPragmaModifier,0
expetator,12
serverless-builder,701
pencilpycommons,2
html2list,0
sparql-slurper,46
tntorch,27
dtool-lookup-server-annotation-filter-plugin,0
django-metatags,0
dtool-lookup-server-dependency-graph-plugin,1
ziggof1broadcasts,0
UnitTesterSG,30
gnuper,0
pencroft,0
robutils,2
pend,5
neo-sample,0
mnif,0
html2obj-genwch,0
makeDirs,110
brainfuckery,8
django-metro,2
expipe,0
pyshield,8
pyforbes,2
cprint,1170
pendfetch,1
neoscrypt-python,6
syslogging,0
MNIST2,0
brainfuckmachine,5
dtool-symlink,33
cprint-jianjun,4
folderhash,0
odoo11-addon-base-external-dbsource-mssql,0
to7m-context,1
make-even-odd,3
dtool-utils,0
odoo11-addon-base-external-dbsource-sqlite,0
wikicodename,1
dtopia,12
pendulum,2517711
zignal,1
folder-locker-python,3
html2tei,8
html2text,340892
makefile,46
djangomi,0
amr-um,0
cprofile_graph,6
lagTester,2
mnistlib,1
demo-project2,0
ckanext-composite,2
odoo11-addon-base-gs1-barcode,0
expi-skel,1
laguerre-transformations,1
unittestreport,207
amsatapi,0
django-microblogging,3
fontpreview,2
lambdautils,6
deos,0
py-fumen-py,140
wildfly-py,1
unpackable,5
mo-cache,5
Zipped-Album-Player,0
Django-Model-Query-Graphs,1
pyfun,0
aws-solutions-constructs.aws-kinesis-streams-gluejob,366
lambda-webhook-queue,0
analyse,39
quaeroml-serving,4
Maliens,0
mocanexion,2
aws-solutions-constructs.aws-kinesis-streams-kinesis-firehose-s3,593
ex-reminder,0
django-model-reference,0
py-simple-image-editor,1
jaxrk,1
nessaid-readline,0
pyfunc,6
to_function,0
ckpx,16
zipper,34
spawny,0
duckpond,0
Pepper,16
deovi,4
goesutils,1
lambdAWS,8
duckpy,541
nessie,2
django-model-reviews,12
pysimple-log,16
toga-android,347
spb-cli,91
PyFunceble-dev,24213
zippy,2
unpack-recursive,9
pepperbot,71
session2s3,0
brazil-monthly-deaths,0
go-extension,2
T20180518,0
mocca-edc,1
pyfuncol,1
zippyshare-downloader,223
sessioner-globally.scoped,3
unpast,79
gofer-grader,48
exsort,0
lambdify,11
mallcart,0
wildRandomPackage,2
QuakeCL,1
aws-solutions-constructs.aws-lambda-sagemakerendpoint,492
py-simple-morse-code,2
NeSST,1
zippyshare-generator,0
jaxtpu,1
PySimpleProperties,1
quake-inverse-squareroot,17
sessionlib,0
odoo11-addon-l10n-ch-base-bank,1
htmotor,0
mallet-lldb,0
jax-tqdm,67
analysis_project_root,1
django-models-extensions,2
nessus-nessus-parser,1
quakeio,12
ducky,4
fonty,5
odoo11-addon-l10n-ch-fds-postfinance,0
zipr-http,1
ONAP,0
pepperize.cdk-github,1970
gofile-dl,30
pyfunctionbases,2
roguewave,29
pysimplesql,9
foo1021,1
onap-dcae-discovery-client,0
unpoly-django,0
jax-util,2
lamblackbox,0
django-model-snapshot-diff,1
gofilepy,5
Products.JWPlayer,0
quakesaver-client,8
CrackedAuth,0
malloovia,4
ducoapi,1
aws-solutions-constructs.aws-s3-sns,41
duConsumer,1
jaxvision,0
rohdeschwarz,59
django-model-to-dict,4
analytic,0
pysimpletree,0
ext-cloud,3
goftests,7
odoo11-addon-l10n-de-skr04-mis-reports,0
toga-web,249
peppers,0
ducut,0
together,1
quantopy,0
odoo11-addon-mrp-mto-with-stock-purchase,0
bridgecrew,15924
tableschema-sql,719
tokyo-python,23
oneliner,297
nester22,0
odoo11-addon-mrp-production-putaway-strategy,0
Gongge,8
bridgeobjects,78
nester2401,1
Products.Undoer,2
perfometrics,5
odoo11-addon-mrp-sale-info,0
dumpy,10
nester2701,3
ronpy,0
quantready,0
zmq_py,0
bridget,3
zmqTools,2
django-multiple-auth,10
foreman-yml,5
Products.WatermarkImage,1
crawl-frontier,5
onemarket,0
classicML,21
performance-timer,3
upbit.py,0
nester3663,0
tablex-nuuuwan,0
setuptools-scm-about,1
zmysql,3
deq-tools,0
ForesightPy,0
tolunlun,2
odoo11-addon-partner-contact-sale-info-propagation,0
zn,1
Products.ZODBMountPoint,139
andrew-confidence-intervals,0
Winerygpt,1
setuptools_scm_old,5
RookieTools,0
extrap,22
pygan,12
andrewfoo,5
winevent,0
spectralLib,0
rookieutils,0
httpobs-cli,102
wine-wrap,1
AndrewList,0
tablip,1
tomacco,0
room,13
modelcards,2393
jdOctopus,0
roomai,16
nester823,0
django-multitenancy-manager,32
tablite,312
spectralradex,50
axiprop,448
dunefro-syg-pip,0
jDocument,22
odoo11-addon-partner-identification,38
crawl-tool,0
pysmiles,367
mangawalk,0
dune-grid,197
setuptools-test,2
languageflow,75
odoo11-addon-partner-multi-company,0
axisCalculator,3
de-regionalatlas,2
jd_program_temp,1
tomas,37
update-challenge-rank-script,0
quantulum,13
winger,0
oneNeuron-pypi-alan-ai-learner,0
forestools,4
znhello,0
wingittest,2
brightsky,46
tomasrajaolib,0
andriatina-mail-sender,0
tabml,16
odoo11-addon-partner-ref-unique,0
languagemodels,186
mango-agents,117
classified,1
setuptools-zig,2
languageprocessing,0
androbane,0
py-smn,3
Rooot,0
perg,0
brightwind,4
nester99,0
classifier-agent,4
oneNeuron-PyPi-bapatlaayyanna,0
rootbeer,1
good-handlers,2
de-risikogebiete,201
profane,5
pysmoothstreams,3
Quantum-Ciphers,7
pygate,0
languagestring,0
AxmlParserPY,95
SpeleoPy,1
TonyBotV1,1
pygeon,0
jenkins_pivotaltrackerscraper,0
rosebud,0
zope.app.appsetup,1010
aztecdecoder,2
py-soocial,0
taggd,1034
odoo11-addon-sale-report-supplier-filter,0
nester_huge,0
django-notification-sender,17
taggedunion,0
CREATURE-WORLD-BUILDER-LITE,0
upsert,7
DVDev,0
up-siadex,2
huaweicloudsdkdris,112
project-6127,34
eze,1
azura,0
anilistwrappy,17
DESPOTIC,5
persistpy,0
odoo11-addon-sale-timesheet-project-manual,0
dessert-shop-huachen,2
zope.app.fssync,0
project-americana-api-rest,2
azure-ai-formrecognizer,56207
tool4NC,0
spelltools,0
onlaw-api-client,6
modern-python-test,0
odoo11-addon-server-environment,4
huaweicloudsdkgaussdbfornosql,99
pyger,0
sftpclone,17
dvg-pid-controller,23
Spelt,0
online-beast,11
wireless-radar,1
pysourceinfo,1
huaweicloudsdkges,115
cleanipynb,2
jentry,1
nester_jang,1
larus,0
wirelesstagpy,613
qucochemistry,1
pYSOVAR,0
py-gerrit,14
dvg-ringbuffer,427
jeon,0
onlinectl,0
cleanlab-cli,6
wiremock,7186
toolbox-az,2
huaweicloudsdkimage,158
toolbox-bigquery-sink,17
destination-python,1
tagout,0
browsercookie2,7
form-to-excel,3
jepartapp,11
toolbox-config,24
pysp2tfdemo,0
tagpro-eu,2
ezflake,3
lasagne_visualizer,0
SpendScheme,4
pygetdp,0
projected-sinkhorn,0
ros-lab,1
odoo11-addon-sm-rewards,0
spens,0
py_space,0
dvible,0
zope.app.renderer,56
modesto,0
clean-loop,3
up-test,0
sft-test,0
mode-streaming,21273
huaweicloudsdklakeformation,82
personal-logger,2
pySpacebroClient,0
animalss,0
credits,6
FormulaBasedMaterials,0
PersonalMovieManager,0
nester_jk098,0
wireprobe,447
credits.common,0
cleanmydata,3
zope.app.session,74
Onlinenet_serial_console,0
browserinfo,0
online-node2vec,1
ToolCadeau,4
uptimecurl,6
nesterjohn,0
huaweicloudsdkmoderation,109
JeremyPy,1
sfuzzie,0
wire-skin,1
DeStringCare,3
rospkg-modules,23
manven,2
destripegui,16
speXtra,59
personInfo-package,0
many,11
google-cloud-network-management,49
azure-cli-botservice,634
route_tracker,0
quickbase-model-maker,0
latex-utils-TheRaphael0000,1
mapping-united-states,5
TopHat,3
pyglossary,89
mappyfile,503
sphinxcontrib.datatemplates,3681
ONUR-Voice-Assistant,0
ezviz,5
shadowselenium,1
dxseq,0
takibi,5
prometheus-quant,0
devdeck-core,2
URLEncoder,127
BSMILES,0
azure-mgmt-communication,27
bsn,0
ezyvetapi,0
zpack-zakirhamadan53,1
huichao-poetry-demo,6
mapreduce-py,1
cristipdf,0
CLIbrary,29
pygltfio,2
ezzthread,1
dxy,1
pev,1
bsnlldp,0
rova,628
crit,15
dy,2
wix-protos-agent-performance,0
onyxerp,24
annax,4
cli-builder,392
criteo-api-retailmedia-sdk,197
deveal,1
latis-image-proccessing,9
django-oscar-bluelight,1154
taktile-cli,112
jhpbar,2
cli-cake,0
sphinxcontrib-editable,0
DyBASE,0
prometheus-writer,4
odoo11-addon-website-sale-product-detail-attribute-image,2
modulo-vki,5
UrlFit,1
shadowtrackr,6
wix-protos-alexanderp-nothing-to-prod-api,0
develop,55
shadow-useragent,108
url-for-int,8
wix-protos-alexpinsky-contactus-alexpinsky-something-to-prod,0
shadowwalker,18
azure-mgmt-datafactory,953275
zpkg,1
googlescrape,0
clicasso,0
anndataks,1
developergpt,34
jhpy,2
django-oscar-dsd,0
mapscaler,12
dycelib,1
developer-pub-sub-sdk,0
on.zopetools,0
fourier-image-transformer,0
huispedia,0
django-oscar-eway,0
quickda,614
dyco,6
cli-chat,18
shady-tr,1
topinyin,0
pex,165307
Developing-Cockroach,0
OOB-Fuzz,0
zplgrf,1120
F1bw,0
Urlgod,0
pexcard,0
odoo11-addon-website-video-preview,2
topkappy,5
pygmailsorter,7
taky,98
rowan,99
nestersit,0
ooclient,0
devenv,7
django-oscar-mpesa,0
click,30043791
Shaft,2
modviz,0
rowan-ds-tools,3
wix-protos-answers-category,0
zpoolparty,3
google-search-img,9
dev-ethanr-MasterReach1,0
four-letter-blocks,9
azure-mgmt-dnsresolver,6
j-html-pdf,0
crkpk,252
promisio,15
wix-protos-answers-dwh-agent,0
four-letter-config,0
quick-deploy,2
dev-fenics-dijitso,30
azure-mgmt-elastic,28
annif,49
latticeflow-core,1
moe,13
shapestats,14
client-chat-pyqt-ponomarevdv4205,2
dev-pipeline-core,6
fabric-gce-tools,0
opa-python,47
fpsm,1
django-paydirekt,312
tangocard-raasv2,9
btpy,6
gorps,1
opass,0
HuobiPoolApi,0
quick-templates,0
pygoqrme,0
azure-quantum-tgp,2
ztime,5
PyStasm,13
layint-scan-api,0
gorseapi,4
pystates3,0
ansi2image,76
opc,90
devrecargar,8
azure-recommendations-6,3
sphinx_external_toc,19849
pystatic,3
ansi2utf8,3
btree-index,6
gosdt-deprecated,1
pgdeploy,0
OPCDataTransfer,0
molclustpy,21
fabrictestbed,210
btrfs,20
mario-python,0
django-payments-redsys,26
dynamo-pandas,4927
ansiblator,1
usb-quartermaster-ssh,0
devscripts,43
azure-schemaregistry-avroencoder,4716
usbrelay-py,11
odoo12-addon-agreement,8
TOPSIS-AbhimanyuParashar-101816011,0
quickviz,0
devsetgo-lib,21
mold-cli,0
rpi-ip-bot-client,0
django-payonline,0
sha-py,1
Topsis-Abhinav-101903684,0
gosmsge,0
prosail,84
Fabric-with-working-dependencies,1
jinja2-fnmatch-extension,9
jinja2-fragments,41
pygpar,0
fpyjp,0
quicky-repo,2
rpi-mates-controller,2
PyStatsBatteries,0
ansible-apply,0
django-paypal-plus,320
Topsis-abhirath-101803047,0
crosslab-soa-service-file,5
pystatsd,527
sphinx_fontawesome,1255
nest-server,12
gospl,18
prosecco,0
sphinx-fortran,86
tanium-vendor-loader,0
django-paytm-checkout,4
jinja2-github,5
opdb,1
LazerPayFinance,1
btsdp,4
TOPSIS-Aditi-101803029,0
wix-protos-catalyst-proto-woa-mobileapplications,0
uscalt-drf,0
tankapi,6
sphinx-galleria,2
btsmarthub-devicelist,667
pygpib,20
quict-ml,9
Pgenlib,51
client-vision-test,0
rpio-client,0
wix-protos-catalyst-reactions-eap,0
gossipcat,124
odoo12-addon-analytic-product-category,0
NestyDict,0
azure-storage-blob,8306895
tank-config,0
dynapython,0
pgeodistance,141
wix-protos-catalyst-social-activities-api,0
TOPSIS-Aditya-101803290,1
cliexercises,85
prosemirror-py,210
DevTool,16
crossplane,7157
clif,277
markcrowe,4
dynascii,1
pysteamauth,12
django-pdf-download,9
devtools-ai,31
crossposter,12
azure-telemetry,1
openacquisition,1
py-stego-tools,7
markdown2html,9
RPiSoC,0
Topsis-Dhanda,0
jirap,0
protocon,0
django-pj-portfolio,25
shear-bias,0
TOPSIS-dhirajmaan-101803559,0
django-places,0
zxwei-nester,4
tap-helpscout,19
baboon,1
market-datetime,0
cruscopoetry.core,2
rr,28
usersgithub,0
lb-classes,0
odoo12-addon-connector-equipment-import-cdr,0
netdevsnmp,0
Topsis-DipsyBan-102003132,2
bugout-infestor,0
market-gpt,31
Topsis-Dishant-101917006,0
hxx_nester1,0
djangoplicity-caching-app-plugins,0
netdispatch,231
sphinxsearch,519
babygruut,17
ansys-fluent-parametric,372
rr-base,0
hy2glsl,0
lbdevmanager,0
odoo12-addon-contract-brand,0
jirator,0
ansys-grpc-mapdl,7
sheet2csv,3
DFinfo,0
gpi-core,4
hyapi,0
use-test,1
bugsnag-asgi,5
quotes,371
neteasy.plone.subnavbar,0
wix-protos-events-wix-events-protobuf,2
crwutils,0
facex,0
useurmind-mkdocs-macros-plugin,0
odoo12-addon-contract-membership-delegated-partner,42
rrdatad,2
quotescli,1
sheetconf,0
lbfi,21
bugswarm-common,8
proto-google-cloud-vision-v1,364
faceyou,1
sphinx-sqlalchemy,865
jiro-toppings,2
wix-protos-example-prime-visibility,0
lbg,386
gpiocrust,0
odoo12-addon-contract-queue-job,2
e5fda7ba-d2a1-11e9-96d1-7c5cf84ffe8e,1
hybridbackend-deeprec2208-cu114,1
pg-user-auth,0
TOPSIS-GARVIT-101803122,0
lbh15,7
jiseok,2
clip-benchmark,35
bacalhau-sdk,171
rreader,1
marketrisk,0
lbjobmonitor,0
usfm-tools,4
dfktools,11
rreplace,1
zyme,8
django-pluralize-pl,69
ansys-tools-example-coverage,1
protokol,38
Topsis-Gaurvi-401903031,2
opencache-controller,1
GPIOEmu,0
frasco-sentry,0
pgvector,4631
ansys-tools-path,656
bacdive,10
ansys-tools-repo-sync,18
Topsis-Girish-102003323,2
sphinx-tags,790
netfilter,4
e6data-python-connector,236
usginmodels,2
zymptest,1
jismesh-raster,3
lbmblood,2
bach,1
MondayMornings,0
pgwalker,4
tapioca-parse,0
wix-protos-experts-partners-dashboard-server,0
topsisGod,9
opencanary,214
gpiozero,97771
zynet,4
dflogger,10
frasco-upload,2
lbmpy-walberla,0
wix-protos-experts-partners-settings-server,0
clip-client,1432
Topsis-Gunveer-101903650,0
sheetscrape,0
jitcsim,5
Topsis-Gurkawalbir-101917084,0
opencarp-analyzer,1
gpjax,464
cryotec_server,10
backbone,0
sheets-schedule,0
gpkg.keras.mnist,14
frat,2
cryplimp,2
